date,open,close,high,low,volume,symbol,name
2018-01-02,5.382,5.441,5.443,5.371,525742.0,sh510500,中证500ETF
2018-01-03,5.442,5.478,5.491,5.432,351533.0,sh510500,中证500ETF
2018-01-04,5.478,5.501,5.501,5.466,428531.0,sh510500,中证500ETF
2018-01-05,5.502,5.511,5.524,5.48,292916.0,sh510500,中证500ETF
2018-01-08,5.512,5.538,5.545,5.489,278509.0,sh510500,中证500ETF
2018-01-09,5.535,5.533,5.537,5.514,231363.0,sh510500,中证500ETF
2018-01-10,5.53,5.503,5.53,5.467,293337.0,sh510500,中证500ETF
2018-01-11,5.487,5.517,5.526,5.47,206756.0,sh510500,中证500ETF
2018-01-12,5.509,5.488,5.52,5.478,318596.0,sh510500,中证500ETF
2018-01-15,5.474,5.362,5.484,5.347,427236.0,sh510500,中证500ETF
2018-01-16,5.358,5.392,5.439,5.354,464684.0,sh510500,中证500ETF
2018-01-17,5.393,5.359,5.395,5.309,607058.0,sh510500,中证500ETF
2018-01-18,5.348,5.381,5.406,5.345,309543.0,sh510500,中证500ETF
2018-01-19,5.374,5.365,5.415,5.358,340980.0,sh510500,中证500ETF
2018-01-22,5.358,5.438,5.447,5.338,677732.0,sh510500,中证500ETF
2018-01-23,5.443,5.446,5.465,5.423,420143.0,sh510500,中证500ETF
2018-01-24,5.448,5.49,5.5,5.426,851393.0,sh510500,中证500ETF
2018-01-25,5.492,5.482,5.516,5.48,567946.0,sh510500,中证500ETF
2018-01-26,5.48,5.487,5.501,5.467,331980.0,sh510500,中证500ETF
2018-01-29,5.482,5.411,5.504,5.399,498713.0,sh510500,中证500ETF
2018-01-30,5.411,5.41,5.432,5.397,293135.0,sh510500,中证500ETF
2018-01-31,5.392,5.287,5.392,5.284,447349.0,sh510500,中证500ETF
2018-02-01,5.287,5.117,5.313,5.111,864195.0,sh510500,中证500ETF
2018-02-02,5.103,5.114,5.129,4.98,1267488.0,sh510500,中证500ETF
2018-02-05,5.049,5.104,5.129,5.024,541419.0,sh510500,中证500ETF
2018-02-06,5.015,4.856,5.052,4.846,827309.0,sh510500,中证500ETF
2018-02-07,4.94,4.862,4.971,4.781,735215.0,sh510500,中证500ETF
2018-02-08,4.862,4.908,4.933,4.833,676477.0,sh510500,中证500ETF
2018-02-09,4.762,4.706,4.828,4.665,2130361.0,sh510500,中证500ETF
2018-02-12,4.727,4.844,4.873,4.727,698404.0,sh510500,中证500ETF
2018-02-13,4.858,4.877,4.923,4.858,367857.0,sh510500,中证500ETF
2018-02-14,4.882,4.894,4.895,4.849,258543.0,sh510500,中证500ETF
2018-02-22,4.927,5.004,5.006,4.925,380812.0,sh510500,中证500ETF
2018-02-23,5.0,5.012,5.026,4.976,375252.0,sh510500,中证500ETF
2018-02-26,5.042,5.158,5.163,5.037,870130.0,sh510500,中证500ETF
2018-02-27,5.159,5.132,5.168,5.121,580360.0,sh510500,中证500ETF
2018-02-28,5.09,5.134,5.17,5.073,523387.0,sh510500,中证500ETF
2018-03-01,5.124,5.21,5.216,5.085,492662.0,sh510500,中证500ETF
2018-03-02,5.186,5.183,5.203,5.165,353964.0,sh510500,中证500ETF
2018-03-05,5.183,5.176,5.208,5.139,380004.0,sh510500,中证500ETF
2018-03-06,5.184,5.251,5.253,5.179,458173.0,sh510500,中证500ETF
2018-03-07,5.255,5.198,5.255,5.195,359231.0,sh510500,中证500ETF
2018-03-08,5.193,5.248,5.251,5.181,327954.0,sh510500,中证500ETF
2018-03-09,5.25,5.324,5.327,5.242,495397.0,sh510500,中证500ETF
2018-03-12,5.353,5.386,5.392,5.33,1345204.0,sh510500,中证500ETF
2018-03-13,5.386,5.359,5.39,5.348,549054.0,sh510500,中证500ETF
2018-03-14,5.348,5.286,5.36,5.281,584281.0,sh510500,中证500ETF
2018-03-15,5.269,5.276,5.313,5.218,695433.0,sh510500,中证500ETF
2018-03-16,5.28,5.244,5.31,5.242,358217.0,sh510500,中证500ETF
2018-03-19,5.277,5.266,5.301,5.227,344770.0,sh510500,中证500ETF
2018-03-20,5.213,5.269,5.283,5.172,396518.0,sh510500,中证500ETF
2018-03-21,5.275,5.222,5.324,5.22,528006.0,sh510500,中证500ETF
2018-03-22,5.23,5.221,5.263,5.181,334321.0,sh510500,中证500ETF
2018-03-23,5.098,4.93,5.098,4.863,968589.0,sh510500,中证500ETF
2018-03-26,4.869,5.036,5.049,4.827,1542441.0,sh510500,中证500ETF
2018-03-27,5.07,5.159,5.162,5.068,663261.0,sh510500,中证500ETF
2018-03-28,5.076,5.097,5.141,5.076,722665.0,sh510500,中证500ETF
2018-03-29,5.101,5.154,5.161,5.079,811659.0,sh510500,中证500ETF
2018-03-30,5.167,5.227,5.237,5.167,824116.0,sh510500,中证500ETF
2018-04-02,5.242,5.22,5.279,5.212,463298.0,sh510500,中证500ETF
2018-04-03,5.154,5.175,5.188,5.126,493660.0,sh510500,中证500ETF
2018-04-04,5.179,5.13,5.216,5.122,307397.0,sh510500,中证500ETF
2018-04-09,5.124,5.138,5.19,5.076,411243.0,sh510500,中证500ETF
2018-04-10,5.138,5.181,5.185,5.111,513057.0,sh510500,中证500ETF
2018-04-11,5.189,5.191,5.225,5.184,473710.0,sh510500,中证500ETF
2018-04-12,5.189,5.161,5.207,5.147,457910.0,sh510500,中证500ETF
2018-04-13,5.185,5.143,5.206,5.126,462246.0,sh510500,中证500ETF
2018-04-16,5.138,5.126,5.169,5.08,584662.0,sh510500,中证500ETF
2018-04-17,5.135,5.028,5.161,5.019,618083.0,sh510500,中证500ETF
2018-04-18,5.066,5.087,5.108,4.963,951340.0,sh510500,中证500ETF
2018-04-19,5.086,5.113,5.16,5.081,552132.0,sh510500,中证500ETF
2018-04-20,5.11,5.016,5.11,5.002,790266.0,sh510500,中证500ETF
2018-04-23,5.022,4.958,5.048,4.901,729291.0,sh510500,中证500ETF
2018-04-24,4.964,5.071,5.085,4.964,781692.0,sh510500,中证500ETF
2018-04-25,5.063,5.076,5.089,5.049,414102.0,sh510500,中证500ETF
2018-04-26,5.081,4.979,5.085,4.973,577027.0,sh510500,中证500ETF
2018-04-27,5.008,5.002,5.021,4.952,669379.0,sh510500,中证500ETF
2018-05-02,5.013,4.988,5.039,4.953,391063.0,sh510500,中证500ETF
2018-05-03,4.958,5.041,5.05,4.918,859939.0,sh510500,中证500ETF
2018-05-04,5.036,5.037,5.065,5.021,695136.0,sh510500,中证500ETF
2018-05-07,5.04,5.142,5.152,5.04,609601.0,sh510500,中证500ETF
2018-05-08,5.155,5.168,5.169,5.132,383403.0,sh510500,中证500ETF
2018-05-09,5.172,5.146,5.172,5.13,363061.0,sh510500,中证500ETF
2018-05-10,5.148,5.169,5.18,5.117,347788.0,sh510500,中证500ETF
2018-05-11,5.175,5.125,5.179,5.116,316039.0,sh510500,中证500ETF
2018-05-14,5.125,5.099,5.148,5.08,495101.0,sh510500,中证500ETF
2018-05-15,5.103,5.152,5.154,5.09,698137.0,sh510500,中证500ETF
2018-05-16,5.142,5.138,5.168,5.123,457107.0,sh510500,中证500ETF
2018-05-17,5.138,5.103,5.145,5.094,488457.0,sh510500,中证500ETF
2018-05-18,5.1,5.138,5.14,5.064,517295.0,sh510500,中证500ETF
2018-05-21,5.154,5.2,5.214,5.154,872384.0,sh510500,中证500ETF
2018-05-22,5.197,5.222,5.224,5.171,506056.0,sh510500,中证500ETF
2018-05-23,5.219,5.148,5.219,5.142,729503.0,sh510500,中证500ETF
2018-05-24,5.148,5.131,5.165,5.12,373937.0,sh510500,中证500ETF
2018-05-25,5.131,5.057,5.131,5.047,470722.0,sh510500,中证500ETF
2018-05-28,5.054,5.047,5.09,5.013,521797.0,sh510500,中证500ETF
2018-05-29,5.041,4.979,5.071,4.97,472390.0,sh510500,中证500ETF
2018-05-30,4.924,4.856,4.935,4.849,750825.0,sh510500,中证500ETF
2018-05-31,4.883,4.918,4.93,4.846,710125.0,sh510500,中证500ETF
2018-06-01,4.904,4.856,4.911,4.822,685086.0,sh510500,中证500ETF
2018-06-04,4.867,4.855,4.883,4.824,486636.0,sh510500,中证500ETF
2018-06-05,4.853,4.944,4.945,4.853,550145.0,sh510500,中证500ETF
2018-06-06,4.941,4.938,4.944,4.914,1009116.0,sh510500,中证500ETF
2018-06-07,4.95,4.91,4.97,4.894,525575.0,sh510500,中证500ETF
2018-06-08,4.902,4.845,4.903,4.815,711008.0,sh510500,中证500ETF
2018-06-11,4.839,4.813,4.849,4.787,608370.0,sh510500,中证500ETF
2018-06-12,4.815,4.856,4.866,4.778,778656.0,sh510500,中证500ETF
2018-06-13,4.849,4.781,4.849,4.774,648252.0,sh510500,中证500ETF
2018-06-14,4.771,4.773,4.816,4.75,722948.0,sh510500,中证500ETF
2018-06-15,4.772,4.681,4.776,4.631,1168962.0,sh510500,中证500ETF
2018-06-19,4.618,4.36,4.618,4.285,2005047.0,sh510500,中证500ETF
2018-06-20,4.341,4.402,4.429,4.314,1442879.0,sh510500,中证500ETF
2018-06-21,4.403,4.317,4.457,4.309,1940238.0,sh510500,中证500ETF
2018-06-22,4.291,4.378,4.388,4.254,991003.0,sh510500,中证500ETF
2018-06-25,4.404,4.334,4.419,4.331,749641.0,sh510500,中证500ETF
2018-06-26,4.308,4.375,4.394,4.281,948547.0,sh510500,中证500ETF
2018-06-27,4.375,4.311,4.405,4.304,763496.0,sh510500,中证500ETF
2018-06-28,4.307,4.276,4.376,4.271,836407.0,sh510500,中证500ETF
2018-06-29,4.291,4.44,4.449,4.282,1349808.0,sh510500,中证500ETF
2018-07-02,4.439,4.362,4.46,4.316,1125680.0,sh510500,中证500ETF
2018-07-03,4.367,4.412,4.429,4.284,1787770.0,sh510500,中证500ETF
2018-07-04,4.398,4.347,4.398,4.328,952401.0,sh510500,中证500ETF
2018-07-05,4.341,4.221,4.35,4.218,1007082.0,sh510500,中证500ETF
2018-07-06,4.218,4.223,4.299,4.143,1309924.0,sh510500,中证500ETF
2018-07-09,4.244,4.341,4.343,4.243,817787.0,sh510500,中证500ETF
2018-07-10,4.343,4.367,4.376,4.314,452621.0,sh510500,中证500ETF
2018-07-11,4.285,4.277,4.308,4.22,2690445.0,sh510500,中证500ETF
2018-07-12,4.276,4.413,4.423,4.276,1520153.0,sh510500,中证500ETF
2018-07-13,4.412,4.425,4.439,4.393,553886.0,sh510500,中证500ETF
2018-07-16,4.428,4.43,4.449,4.392,699098.0,sh510500,中证500ETF
2018-07-17,4.43,4.414,4.43,4.357,765825.0,sh510500,中证500ETF
2018-07-18,4.422,4.391,4.454,4.388,580060.0,sh510500,中证500ETF
2018-07-19,4.387,4.351,4.41,4.319,752067.0,sh510500,中证500ETF
2018-07-20,4.328,4.409,4.429,4.319,1189524.0,sh510500,中证500ETF
2018-07-23,4.386,4.445,4.45,4.37,787437.0,sh510500,中证500ETF
2018-07-24,4.451,4.526,4.546,4.447,1986404.0,sh510500,中证500ETF
2018-07-25,4.526,4.527,4.553,4.513,662521.0,sh510500,中证500ETF
2018-07-26,4.528,4.498,4.537,4.481,759909.0,sh510500,中证500ETF
2018-07-27,4.485,4.473,4.512,4.45,789404.0,sh510500,中证500ETF
2018-07-30,4.473,4.4,4.482,4.39,1033400.0,sh510500,中证500ETF
2018-07-31,4.399,4.41,4.446,4.378,693828.0,sh510500,中证500ETF
2018-08-01,4.418,4.335,4.471,4.331,1121054.0,sh510500,中证500ETF
2018-08-02,4.327,4.226,4.333,4.134,1620096.0,sh510500,中证500ETF
2018-08-03,4.223,4.182,4.255,4.181,1617067.0,sh510500,中证500ETF
2018-08-06,4.174,4.086,4.184,4.062,1777185.0,sh510500,中证500ETF
2018-08-07,4.095,4.196,4.204,4.058,1261549.0,sh510500,中证500ETF
2018-08-08,4.178,4.138,4.189,4.116,896671.0,sh510500,中证500ETF
2018-08-09,4.11,4.252,4.273,4.11,1351364.0,sh510500,中证500ETF
2018-08-10,4.234,4.271,4.278,4.232,698826.0,sh510500,中证500ETF
2018-08-13,4.238,4.3,4.31,4.199,1091476.0,sh510500,中证500ETF
2018-08-14,4.291,4.277,4.294,4.251,534976.0,sh510500,中证500ETF
2018-08-15,4.273,4.184,4.274,4.174,883912.0,sh510500,中证500ETF
2018-08-16,4.151,4.144,4.195,4.071,823438.0,sh510500,中证500ETF
2018-08-17,4.177,4.063,4.195,4.052,713810.0,sh510500,中证500ETF
2018-08-20,4.064,4.088,4.099,4.01,1421923.0,sh510500,中证500ETF
2018-08-21,4.088,4.134,4.166,4.073,759994.0,sh510500,中证500ETF
2018-08-22,4.138,4.104,4.138,4.09,543383.0,sh510500,中证500ETF
2018-08-23,4.103,4.126,4.148,4.073,1033252.0,sh510500,中证500ETF
2018-08-24,4.107,4.109,4.139,4.084,652082.0,sh510500,中证500ETF
2018-08-27,4.12,4.221,4.225,4.12,1122634.0,sh510500,中证500ETF
2018-08-28,4.226,4.226,4.234,4.199,761709.0,sh510500,中证500ETF
2018-08-29,4.212,4.203,4.223,4.179,829121.0,sh510500,中证500ETF
2018-08-30,4.198,4.134,4.203,4.126,946639.0,sh510500,中证500ETF
2018-08-31,4.124,4.084,4.126,4.065,833794.0,sh510500,中证500ETF
2018-09-03,4.076,4.105,4.106,4.024,1363577.0,sh510500,中证500ETF
2018-09-04,4.093,4.137,4.164,4.087,987880.0,sh510500,中证500ETF
2018-09-05,4.127,4.079,4.141,4.075,915343.0,sh510500,中证500ETF
2018-09-06,4.064,4.058,4.115,4.037,795864.0,sh510500,中证500ETF
2018-09-07,4.07,4.051,4.134,4.02,1183112.0,sh510500,中证500ETF
2018-09-10,4.046,3.983,4.057,3.974,949761.0,sh510500,中证500ETF
2018-09-11,3.986,3.977,4.011,3.948,1143449.0,sh510500,中证500ETF
2018-09-12,3.977,3.963,4.005,3.951,764076.0,sh510500,中证500ETF
2018-09-13,4.006,3.988,4.046,3.927,1761063.0,sh510500,中证500ETF
2018-09-14,3.994,3.941,4.002,3.94,1012344.0,sh510500,中证500ETF
2018-09-17,3.924,3.889,3.924,3.867,808510.0,sh510500,中证500ETF
2018-09-18,3.877,3.952,3.962,3.864,1193475.0,sh510500,中证500ETF
2018-09-19,3.94,4.003,4.042,3.933,1546912.0,sh510500,中证500ETF
2018-09-20,4.007,4.003,4.031,3.994,785304.0,sh510500,中证500ETF
2018-09-21,4.008,4.086,4.088,3.991,1898552.0,sh510500,中证500ETF
2018-09-25,4.052,4.062,4.079,4.037,1062334.0,sh510500,中证500ETF
2018-09-26,4.057,4.071,4.115,4.046,1507937.0,sh510500,中证500ETF
2018-09-27,4.07,4.024,4.081,4.017,1118717.0,sh510500,中证500ETF
2018-09-28,4.025,4.083,4.085,4.011,1236921.0,sh510500,中证500ETF
2018-10-08,3.985,3.926,4.016,3.921,1195998.0,sh510500,中证500ETF
2018-10-09,3.929,3.913,3.959,3.893,798454.0,sh510500,中证500ETF
2018-10-10,3.915,3.912,3.941,3.868,1011844.0,sh510500,中证500ETF
2018-10-11,3.797,3.587,3.798,3.563,2444322.0,sh510500,中证500ETF
2018-10-12,3.581,3.571,3.602,3.459,1855875.0,sh510500,中证500ETF
2018-10-15,3.583,3.503,3.62,3.497,1120692.0,sh510500,中证500ETF
2018-10-16,3.504,3.431,3.528,3.398,1261126.0,sh510500,中证500ETF
2018-10-17,3.474,3.447,3.483,3.37,2495643.0,sh510500,中证500ETF
2018-10-18,3.425,3.363,3.425,3.349,1866176.0,sh510500,中证500ETF
2018-10-19,3.337,3.44,3.459,3.295,2283579.0,sh510500,中证500ETF
2018-10-22,3.54,3.664,3.698,3.496,4868186.0,sh510500,中证500ETF
2018-10-23,3.664,3.566,3.68,3.538,2816375.0,sh510500,中证500ETF
2018-10-24,3.555,3.555,3.609,3.522,1840143.0,sh510500,中证500ETF
2018-10-25,3.444,3.554,3.56,3.411,1923582.0,sh510500,中证500ETF
2018-10-26,3.561,3.535,3.607,3.52,2021065.0,sh510500,中证500ETF
2018-10-29,3.542,3.487,3.544,3.463,1180770.0,sh510500,中证500ETF
2018-10-30,3.473,3.523,3.559,3.418,1973818.0,sh510500,中证500ETF
2018-10-31,3.528,3.583,3.617,3.52,2789274.0,sh510500,中证500ETF
2018-11-01,3.623,3.611,3.683,3.607,3468342.0,sh510500,中证500ETF
2018-11-02,3.741,3.758,3.793,3.673,10144573.0,sh510500,中证500ETF
2018-11-05,3.736,3.737,3.769,3.662,3164849.0,sh510500,中证500ETF
2018-11-06,3.714,3.745,3.745,3.676,1898185.0,sh510500,中证500ETF
2018-11-07,3.746,3.706,3.784,3.704,2124923.0,sh510500,中证500ETF
2018-11-08,3.74,3.679,3.744,3.676,2056449.0,sh510500,中证500ETF
2018-11-09,3.663,3.68,3.703,3.653,1127520.0,sh510500,中证500ETF
2018-11-12,3.673,3.787,3.798,3.666,3341448.0,sh510500,中证500ETF
2018-11-13,3.741,3.87,3.896,3.734,4028415.0,sh510500,中证500ETF
2018-11-14,3.859,3.851,3.902,3.832,1872446.0,sh510500,中证500ETF
2018-11-15,3.847,3.926,3.927,3.844,2109414.0,sh510500,中证500ETF
2018-11-16,3.933,3.952,3.996,3.901,3075717.0,sh510500,中证500ETF
2018-11-19,3.946,3.954,3.974,3.899,3413854.0,sh510500,中证500ETF
2018-11-20,3.914,3.838,3.935,3.829,3361101.0,sh510500,中证500ETF
2018-11-21,3.783,3.848,3.87,3.776,2822254.0,sh510500,中证500ETF
2018-11-22,3.857,3.848,3.884,3.821,1998043.0,sh510500,中证500ETF
2018-11-23,3.838,3.668,3.844,3.664,3320887.0,sh510500,中证500ETF
2018-11-26,3.676,3.676,3.718,3.652,2573888.0,sh510500,中证500ETF
2018-11-27,3.697,3.697,3.721,3.673,1172536.0,sh510500,中证500ETF
2018-11-28,3.699,3.757,3.759,3.645,1690612.0,sh510500,中证500ETF
2018-11-29,3.78,3.673,3.805,3.662,1685833.0,sh510500,中证500ETF
2018-11-30,3.666,3.696,3.702,3.618,2019171.0,sh510500,中证500ETF
2018-12-03,3.808,3.826,3.845,3.773,3952136.0,sh510500,中证500ETF
2018-12-04,3.819,3.843,3.852,3.802,1714744.0,sh510500,中证500ETF
2018-12-05,3.785,3.815,3.851,3.77,2075419.0,sh510500,中证500ETF
2018-12-06,3.78,3.724,3.79,3.716,2026367.0,sh510500,中证500ETF
2018-12-07,3.728,3.725,3.749,3.719,784653.0,sh510500,中证500ETF
2018-12-10,3.704,3.674,3.714,3.666,1721519.0,sh510500,中证500ETF
2018-12-11,3.687,3.718,3.724,3.683,1146851.0,sh510500,中证500ETF
2018-12-12,3.732,3.708,3.744,3.706,1177218.0,sh510500,中证500ETF
2018-12-13,3.723,3.769,3.8,3.701,2104881.0,sh510500,中证500ETF
2018-12-14,3.761,3.68,3.762,3.671,2166463.0,sh510500,中证500ETF
2018-12-17,3.655,3.658,3.677,3.613,2225301.0,sh510500,中证500ETF
2018-12-18,3.636,3.628,3.671,3.588,2429859.0,sh510500,中证500ETF
2018-12-19,3.631,3.57,3.64,3.567,2091661.0,sh510500,中证500ETF
2018-12-20,3.568,3.594,3.604,3.556,1936707.0,sh510500,中证500ETF
2018-12-21,3.581,3.573,3.595,3.536,1767440.0,sh510500,中证500ETF
2018-12-24,3.566,3.607,3.614,3.549,1766464.0,sh510500,中证500ETF
2018-12-25,3.567,3.555,3.588,3.464,2604579.0,sh510500,中证500ETF
2018-12-26,3.549,3.541,3.579,3.52,1350330.0,sh510500,中证500ETF
2018-12-27,3.6,3.492,3.601,3.483,1608230.0,sh510500,中证500ETF
2018-12-28,3.501,3.497,3.534,3.484,1893485.0,sh510500,中证500ETF
2019-01-02,3.505,3.46,3.508,3.458,1669234.0,sh510500,中证500ETF
2019-01-03,3.466,3.451,3.524,3.446,1839144.0,sh510500,中证500ETF
2019-01-04,3.425,3.556,3.558,3.42,2545761.0,sh510500,中证500ETF
2019-01-07,3.57,3.624,3.635,3.55,2393274.0,sh510500,中证500ETF
2019-01-08,3.618,3.615,3.625,3.595,1289221.0,sh510500,中证500ETF
2019-01-09,3.627,3.612,3.688,3.61,3763301.0,sh510500,中证500ETF
2019-01-10,3.611,3.619,3.655,3.605,1720694.0,sh510500,中证500ETF
2019-01-11,3.618,3.64,3.652,3.594,1764024.0,sh510500,中证500ETF
2019-01-14,3.641,3.619,3.654,3.608,1059943.0,sh510500,中证500ETF
2019-01-15,3.618,3.675,3.685,3.601,2339332.0,sh510500,中证500ETF
2019-01-16,3.675,3.668,3.697,3.654,1576908.0,sh510500,中证500ETF
2019-01-17,3.67,3.636,3.68,3.631,1494420.0,sh510500,中证500ETF
2019-01-18,3.64,3.679,3.687,3.624,2232739.0,sh510500,中证500ETF
2019-01-21,3.685,3.694,3.726,3.677,2156889.0,sh510500,中证500ETF
2019-01-22,3.687,3.634,3.688,3.615,1832426.0,sh510500,中证500ETF
2019-01-23,3.623,3.639,3.652,3.618,1182888.0,sh510500,中证500ETF
2019-01-24,3.639,3.666,3.697,3.617,1870587.0,sh510500,中证500ETF
2019-01-25,3.664,3.646,3.692,3.644,1594828.0,sh510500,中证500ETF
2019-01-28,3.671,3.632,3.703,3.624,2033991.0,sh510500,中证500ETF
2019-01-29,3.626,3.579,3.626,3.523,2781116.0,sh510500,中证500ETF
2019-01-30,3.559,3.55,3.603,3.549,1811349.0,sh510500,中证500ETF
2019-01-31,3.551,3.525,3.582,3.491,3181748.0,sh510500,中证500ETF
2019-02-01,3.536,3.643,3.644,3.536,3716726.0,sh510500,中证500ETF
2019-02-11,3.645,3.73,3.733,3.643,2885534.0,sh510500,中证500ETF
2019-02-12,3.729,3.752,3.776,3.723,2683209.0,sh510500,中证500ETF
2019-02-13,3.754,3.828,3.846,3.742,3147949.0,sh510500,中证500ETF
2019-02-14,3.827,3.845,3.874,3.81,1969939.0,sh510500,中证500ETF
2019-02-15,3.831,3.816,3.859,3.807,2287034.0,sh510500,中证500ETF
2019-02-18,3.837,3.982,3.985,3.837,3267174.0,sh510500,中证500ETF
2019-02-19,3.985,3.962,4.021,3.916,3262645.0,sh510500,中证500ETF
2019-02-20,3.968,3.954,3.975,3.921,2237355.0,sh510500,中证500ETF
2019-02-21,3.958,3.958,4.054,3.94,3095152.0,sh510500,中证500ETF
2019-02-22,3.96,4.095,4.099,3.949,2301957.0,sh510500,中证500ETF
2019-02-25,4.167,4.395,4.399,4.13,5959892.0,sh510500,中证500ETF
2019-02-26,4.387,4.331,4.425,4.283,4551919.0,sh510500,中证500ETF
2019-02-27,4.325,4.293,4.366,4.24,3756737.0,sh510500,中证500ETF
2019-02-28,4.292,4.298,4.342,4.267,2457798.0,sh510500,中证500ETF
2019-03-01,4.318,4.354,4.361,4.256,3314269.0,sh510500,中证500ETF
2019-03-04,4.369,4.418,4.516,4.369,3779002.0,sh510500,中证500ETF
2019-03-05,4.409,4.558,4.562,4.397,3142584.0,sh510500,中证500ETF
2019-03-06,4.576,4.655,4.675,4.507,5901643.0,sh510500,中证500ETF
2019-03-07,4.656,4.696,4.767,4.457,4999213.0,sh510500,中证500ETF
2019-03-08,4.545,4.528,4.717,4.519,5874093.0,sh510500,中证500ETF
2019-03-11,4.537,4.708,4.711,4.537,4616363.0,sh510500,中证500ETF
2019-03-12,4.739,4.791,4.828,4.707,4356961.0,sh510500,中证500ETF
2019-03-13,4.784,4.669,4.786,4.636,5163459.0,sh510500,中证500ETF
2019-03-14,4.622,4.551,4.673,4.509,3261088.0,sh510500,中证500ETF
2019-03-15,4.575,4.605,4.676,4.56,3369459.0,sh510500,中证500ETF
2019-03-18,4.624,4.765,4.767,4.588,2997439.0,sh510500,中证500ETF
2019-03-19,4.768,4.755,4.795,4.725,1943708.0,sh510500,中证500ETF
2019-03-20,4.747,4.756,4.768,4.656,2628087.0,sh510500,中证500ETF
2019-03-21,4.758,4.813,4.88,4.756,3038769.0,sh510500,中证500ETF
2019-03-22,4.819,4.869,4.871,4.745,2830935.0,sh510500,中证500ETF
2019-03-25,4.77,4.793,4.858,4.77,2658882.0,sh510500,中证500ETF
2019-03-26,4.815,4.637,4.823,4.622,4013970.0,sh510500,中证500ETF
2019-03-27,4.67,4.699,4.704,4.601,2729907.0,sh510500,中证500ETF
2019-03-28,4.678,4.628,4.732,4.623,2092289.0,sh510500,中证500ETF
2019-03-29,4.629,4.799,4.806,4.609,4613344.0,sh510500,中证500ETF
2019-04-01,4.835,5.004,5.007,4.835,3073622.0,sh510500,中证500ETF
2019-04-02,5.068,5.0,5.069,4.972,3069028.0,sh510500,中证500ETF
2019-04-03,4.972,5.062,5.086,4.966,2466710.0,sh510500,中证500ETF
2019-04-04,5.093,5.112,5.122,5.035,2414183.0,sh510500,中证500ETF
2019-04-08,5.151,5.05,5.162,4.986,3317756.0,sh510500,中证500ETF
2019-04-09,5.042,5.074,5.092,5.02,2408957.0,sh510500,中证500ETF
2019-04-10,5.05,5.061,5.133,4.996,2373630.0,sh510500,中证500ETF
2019-04-11,5.06,4.968,5.08,4.963,2373490.0,sh510500,中证500ETF
2019-04-12,4.963,4.954,4.982,4.909,1931518.0,sh510500,中证500ETF
2019-04-15,5.022,4.883,5.047,4.877,2893085.0,sh510500,中证500ETF
2019-04-16,4.857,5.008,5.014,4.823,3206749.0,sh510500,中证500ETF
2019-04-17,5.009,5.018,5.062,4.974,2354938.0,sh510500,中证500ETF
2019-04-18,5.017,5.0,5.041,4.982,1430483.0,sh510500,中证500ETF
2019-04-19,4.992,5.046,5.049,4.934,1975160.0,sh510500,中证500ETF
2019-04-22,5.046,4.957,5.046,4.939,1694620.0,sh510500,中证500ETF
2019-04-23,4.944,4.856,4.953,4.848,1834967.0,sh510500,中证500ETF
2019-04-24,4.862,4.908,4.924,4.809,2889966.0,sh510500,中证500ETF
2019-04-25,4.882,4.719,4.896,4.715,2556665.0,sh510500,中证500ETF
2019-04-26,4.717,4.672,4.746,4.67,2765717.0,sh510500,中证500ETF
2019-04-29,4.675,4.547,4.684,4.522,5031659.0,sh510500,中证500ETF
2019-04-30,4.533,4.563,4.615,4.519,3239361.0,sh510500,中证500ETF
2019-05-06,4.37,4.198,4.413,4.161,6545422.0,sh510500,中证500ETF
2019-05-07,4.245,4.238,4.273,4.178,3980924.0,sh510500,中证500ETF
2019-05-08,4.16,4.218,4.315,4.143,3015325.0,sh510500,中证500ETF
2019-05-09,4.195,4.185,4.24,4.168,3083821.0,sh510500,中证500ETF
2019-05-10,4.236,4.34,4.352,4.128,4719726.0,sh510500,中证500ETF
2019-05-13,4.265,4.271,4.306,4.251,3063995.0,sh510500,中证500ETF
2019-05-14,4.243,4.252,4.295,4.238,2044044.0,sh510500,中证500ETF
2019-05-15,4.28,4.345,4.368,4.278,2212330.0,sh510500,中证500ETF
2019-05-16,4.342,4.388,4.397,4.326,4605870.0,sh510500,中证500ETF
2019-05-17,4.39,4.238,4.4,4.211,2231985.0,sh510500,中证500ETF
2019-05-20,4.217,4.203,4.246,4.134,2520385.0,sh510500,中证500ETF
2019-05-21,4.205,4.28,4.318,4.203,2771847.0,sh510500,中证500ETF
2019-05-22,4.278,4.265,4.292,4.221,1867643.0,sh510500,中证500ETF
2019-05-23,4.247,4.175,4.253,4.162,2016005.0,sh510500,中证500ETF
2019-05-24,4.172,4.15,4.191,4.136,2505343.0,sh510500,中证500ETF
2019-05-27,4.154,4.249,4.273,4.134,3475847.0,sh510500,中证500ETF
2019-05-28,4.252,4.239,4.288,4.228,2511804.0,sh510500,中证500ETF
2019-05-29,4.23,4.241,4.282,4.215,2883522.0,sh510500,中证500ETF
2019-05-30,4.221,4.227,4.231,4.164,1698991.0,sh510500,中证500ETF
2019-05-31,4.213,4.204,4.271,4.196,1781329.0,sh510500,中证500ETF
2019-06-03,4.223,4.168,4.247,4.15,1933544.0,sh510500,中证500ETF
2019-06-04,4.16,4.107,4.165,4.085,2805703.0,sh510500,中证500ETF
2019-06-05,4.143,4.092,4.152,4.089,2027018.0,sh510500,中证500ETF
2019-06-06,4.092,3.991,4.092,3.989,2754409.0,sh510500,中证500ETF
2019-06-10,4.004,4.037,4.074,3.985,2524702.0,sh510500,中证500ETF
2019-06-11,4.038,4.221,4.222,4.037,3302044.0,sh510500,中证500ETF
2019-06-12,4.208,4.172,4.222,4.161,2319751.0,sh510500,中证500ETF
2019-06-13,4.161,4.187,4.208,4.147,1756634.0,sh510500,中证500ETF
2019-06-14,4.187,4.118,4.203,4.107,1997274.0,sh510500,中证500ETF
2019-06-17,4.115,4.116,4.141,4.094,1805929.0,sh510500,中证500ETF
2019-06-18,4.118,4.106,4.136,4.081,1854095.0,sh510500,中证500ETF
2019-06-19,4.225,4.163,4.251,4.161,5925268.0,sh510500,中证500ETF
2019-06-20,4.16,4.258,4.293,4.147,5303990.0,sh510500,中证500ETF
2019-06-21,4.344,4.319,4.352,4.296,6065182.0,sh510500,中证500ETF
2019-06-24,4.323,4.318,4.331,4.287,2727518.0,sh510500,中证500ETF
2019-06-25,4.313,4.271,4.314,4.209,3534118.0,sh510500,中证500ETF
2019-06-26,4.238,4.271,4.298,4.233,1818248.0,sh510500,中证500ETF
2019-06-27,4.275,4.311,4.34,4.275,2558157.0,sh510500,中证500ETF
2019-06-28,4.3,4.266,4.304,4.235,2509670.0,sh510500,中证500ETF
2019-07-01,4.359,4.395,4.408,4.321,3853533.0,sh510500,中证500ETF
2019-07-02,4.384,4.378,4.395,4.363,2902432.0,sh510500,中证500ETF
2019-07-03,4.368,4.351,4.368,4.335,2267577.0,sh510500,中证500ETF
2019-07-04,4.354,4.331,4.378,4.305,1820810.0,sh510500,中证500ETF
2019-07-05,4.326,4.354,4.367,4.31,1579212.0,sh510500,中证500ETF
2019-07-08,4.33,4.187,4.334,4.176,3002781.0,sh510500,中证500ETF
2019-07-09,4.186,4.192,4.208,4.162,1922165.0,sh510500,中证500ETF
2019-07-10,4.2,4.166,4.216,4.155,1815378.0,sh510500,中证500ETF
2019-07-11,4.18,4.168,4.229,4.14,1971180.0,sh510500,中证500ETF
2019-07-12,4.159,4.189,4.199,4.151,1519530.0,sh510500,中证500ETF
2019-07-15,4.183,4.239,4.278,4.108,3752324.0,sh510500,中证500ETF
2019-07-16,4.228,4.251,4.257,4.224,1578106.0,sh510500,中证500ETF
2019-07-17,4.245,4.242,4.272,4.231,1388575.0,sh510500,中证500ETF
2019-07-18,4.226,4.176,4.228,4.175,1541243.0,sh510500,中证500ETF
2019-07-19,4.188,4.204,4.247,4.187,2403115.0,sh510500,中证500ETF
2019-07-22,4.203,4.117,4.215,4.101,2498027.0,sh510500,中证500ETF
2019-07-23,4.117,4.15,4.159,4.116,1587355.0,sh510500,中证500ETF
2019-07-24,4.165,4.193,4.23,4.165,2303978.0,sh510500,中证500ETF
2019-07-25,4.189,4.215,4.225,4.185,1717077.0,sh510500,中证500ETF
2019-07-26,4.203,4.225,4.232,4.189,1605048.0,sh510500,中证500ETF
2019-07-29,4.223,4.221,4.243,4.195,1351477.0,sh510500,中证500ETF
2019-07-30,4.222,4.248,4.29,4.22,1776255.0,sh510500,中证500ETF
2019-07-31,4.238,4.237,4.254,4.222,1817911.0,sh510500,中证500ETF
2019-08-01,4.218,4.204,4.232,4.184,1812652.0,sh510500,中证500ETF
2019-08-02,4.11,4.142,4.147,4.099,2821485.0,sh510500,中证500ETF
2019-08-05,4.121,4.093,4.166,4.091,2844717.0,sh510500,中证500ETF
2019-08-06,4.021,3.988,4.033,3.912,5295420.0,sh510500,中证500ETF
2019-08-07,4.009,3.969,4.016,3.966,2174898.0,sh510500,中证500ETF
2019-08-08,3.985,3.993,4.005,3.976,2093797.0,sh510500,中证500ETF
2019-08-09,4.008,3.952,4.024,3.946,2236318.0,sh510500,中证500ETF
2019-08-12,3.959,4.031,4.033,3.941,1871481.0,sh510500,中证500ETF
2019-08-13,3.99,4.002,4.007,3.975,1400694.0,sh510500,中证500ETF
2019-08-14,4.045,4.022,4.075,4.019,2161110.0,sh510500,中证500ETF
2019-08-15,3.939,4.043,4.055,3.935,2559557.0,sh510500,中证500ETF
2019-08-16,4.037,4.056,4.092,4.037,2364714.0,sh510500,中证500ETF
2019-08-19,4.092,4.22,4.223,4.092,2671226.0,sh510500,中证500ETF
2019-08-20,4.22,4.201,4.25,4.196,1999111.0,sh510500,中证500ETF
2019-08-21,4.2,4.209,4.222,4.187,1470567.0,sh510500,中证500ETF
2019-08-22,4.215,4.214,4.222,4.186,2135044.0,sh510500,中证500ETF
2019-08-23,4.213,4.216,4.235,4.192,1478181.0,sh510500,中证500ETF
2019-08-26,4.159,4.184,4.197,4.13,2156125.0,sh510500,中证500ETF
2019-08-27,4.203,4.252,4.311,4.203,2620115.0,sh510500,中证500ETF
2019-08-28,4.251,4.251,4.27,4.233,1420285.0,sh510500,中证500ETF
2019-08-29,4.257,4.264,4.282,4.236,1716677.0,sh510500,中证500ETF
2019-08-30,4.289,4.225,4.307,4.203,1659044.0,sh510500,中证500ETF
2019-09-02,4.224,4.333,4.354,4.219,2217971.0,sh510500,中证500ETF
2019-09-03,4.334,4.359,4.36,4.32,1819580.0,sh510500,中证500ETF
2019-09-04,4.355,4.429,4.434,4.345,2451989.0,sh510500,中证500ETF
2019-09-05,4.448,4.46,4.526,4.443,4071254.0,sh510500,中证500ETF
2019-09-06,4.467,4.474,4.49,4.436,1819527.0,sh510500,中证500ETF
2019-09-09,4.506,4.567,4.568,4.479,2592463.0,sh510500,中证500ETF
2019-09-10,4.564,4.562,4.574,4.518,2195854.0,sh510500,中证500ETF
2019-09-11,4.567,4.542,4.589,4.518,1880012.0,sh510500,中证500ETF
2019-09-12,4.544,4.555,4.578,4.516,1771875.0,sh510500,中证500ETF
2019-09-16,4.579,4.557,4.589,4.537,2025311.0,sh510500,中证500ETF
2019-09-17,4.544,4.454,4.544,4.443,2153737.0,sh510500,中证500ETF
2019-09-18,4.455,4.457,4.478,4.445,1579992.0,sh510500,中证500ETF
2019-09-19,4.458,4.501,4.505,4.44,1656646.0,sh510500,中证500ETF
2019-09-20,4.505,4.509,4.527,4.491,1980023.0,sh510500,中证500ETF
2019-09-23,4.501,4.489,4.501,4.443,2105835.0,sh510500,中证500ETF
2019-09-24,4.482,4.491,4.555,4.479,2385042.0,sh510500,中证500ETF
2019-09-25,4.466,4.414,4.469,4.41,1973007.0,sh510500,中证500ETF
2019-09-26,4.423,4.305,4.427,4.302,3014710.0,sh510500,中证500ETF
2019-09-27,4.313,4.326,4.353,4.311,1701922.0,sh510500,中证500ETF
2019-09-30,4.326,4.26,4.343,4.24,1619834.0,sh510500,中证500ETF
2019-10-08,4.275,4.271,4.324,4.268,1658717.0,sh510500,中证500ETF
2019-10-09,4.262,4.312,4.318,4.238,1802342.0,sh510500,中证500ETF
2019-10-10,4.309,4.363,4.374,4.299,1915680.0,sh510500,中证500ETF
2019-10-11,4.371,4.388,4.401,4.332,2291427.0,sh510500,中证500ETF
2019-10-14,4.409,4.442,4.473,4.409,2135990.0,sh510500,中证500ETF
2019-10-15,4.426,4.383,4.428,4.376,1251322.0,sh510500,中证500ETF
2019-10-16,4.391,4.355,4.413,4.354,1321251.0,sh510500,中证500ETF
2019-10-17,4.354,4.356,4.376,4.345,1097102.0,sh510500,中证500ETF
2019-10-18,4.357,4.291,4.382,4.279,1684938.0,sh510500,中证500ETF
2019-10-21,4.287,4.282,4.287,4.238,1584396.0,sh510500,中证500ETF
2019-10-22,4.287,4.326,4.341,4.281,1764354.0,sh510500,中证500ETF
2019-10-23,4.331,4.298,4.335,4.279,1191010.0,sh510500,中证500ETF
2019-10-24,4.295,4.289,4.302,4.258,1782781.0,sh510500,中证500ETF
2019-10-25,4.29,4.328,4.333,4.246,2113730.0,sh510500,中证500ETF
2019-10-28,4.371,4.393,4.395,4.347,3161633.0,sh510500,中证500ETF
2019-10-29,4.394,4.334,4.394,4.331,1684807.0,sh510500,中证500ETF
2019-10-30,4.319,4.276,4.32,4.271,1887917.0,sh510500,中证500ETF
2019-10-31,4.279,4.251,4.294,4.244,1400700.0,sh510500,中证500ETF
2019-11-01,4.245,4.296,4.301,4.23,2011202.0,sh510500,中证500ETF
2019-11-04,4.293,4.309,4.338,4.292,2041977.0,sh510500,中证500ETF
2019-11-05,4.311,4.344,4.373,4.296,2342516.0,sh510500,中证500ETF
2019-11-06,4.339,4.303,4.351,4.278,2087927.0,sh510500,中证500ETF
2019-11-07,4.295,4.333,4.352,4.291,1816963.0,sh510500,中证500ETF
2019-11-08,4.365,4.316,4.381,4.313,2222676.0,sh510500,中证500ETF
2019-11-11,4.291,4.208,4.292,4.203,2462020.0,sh510500,中证500ETF
2019-11-12,4.21,4.21,4.223,4.16,2070238.0,sh510500,中证500ETF
2019-11-13,4.209,4.21,4.216,4.183,1394739.0,sh510500,中证500ETF
2019-11-14,4.203,4.237,4.25,4.202,1604826.0,sh510500,中证500ETF
2019-11-15,4.237,4.209,4.269,4.205,1423942.0,sh510500,中证500ETF
2019-11-18,4.203,4.226,4.241,4.193,1348636.0,sh510500,中证500ETF
2019-11-19,4.226,4.3,4.305,4.221,2111232.0,sh510500,中证500ETF
2019-11-20,4.302,4.271,4.315,4.268,2351096.0,sh510500,中证500ETF
2019-11-21,4.26,4.278,4.298,4.247,1242763.0,sh510500,中证500ETF
2019-11-22,4.278,4.23,4.349,4.209,2627205.0,sh510500,中证500ETF
2019-11-25,4.227,4.233,4.247,4.19,1773135.0,sh510500,中证500ETF
2019-11-26,4.238,4.217,4.255,4.209,1853337.0,sh510500,中证500ETF
2019-11-27,4.205,4.238,4.271,4.203,1795077.0,sh510500,中证500ETF
2019-11-28,4.233,4.23,4.253,4.215,1441384.0,sh510500,中证500ETF
2019-11-29,4.228,4.23,4.248,4.184,2545989.0,sh510500,中证500ETF
2019-12-02,4.239,4.244,4.268,4.221,1727023.0,sh510500,中证500ETF
2019-12-03,4.221,4.264,4.265,4.205,1930684.0,sh510500,中证500ETF
2019-12-04,4.241,4.255,4.267,4.234,1467748.0,sh510500,中证500ETF
2019-12-05,4.265,4.299,4.313,4.258,2189917.0,sh510500,中证500ETF
2019-12-06,4.299,4.344,4.346,4.286,1887821.0,sh510500,中证500ETF
2019-12-09,4.347,4.354,4.368,4.333,1971446.0,sh510500,中证500ETF
2019-12-10,4.345,4.376,4.386,4.33,1727329.0,sh510500,中证500ETF
2019-12-11,4.373,4.358,4.377,4.336,1307427.0,sh510500,中证500ETF
2019-12-12,4.357,4.348,4.379,4.342,1661556.0,sh510500,中证500ETF
2019-12-13,4.387,4.413,4.425,4.366,2933508.0,sh510500,中证500ETF
2019-12-16,4.414,4.489,4.498,4.41,2728092.0,sh510500,中证500ETF
2019-12-17,4.489,4.566,4.588,4.483,2798608.0,sh510500,中证500ETF
2019-12-18,4.556,4.561,4.596,4.548,2065438.0,sh510500,中证500ETF
2019-12-19,4.561,4.574,4.586,4.546,1629712.0,sh510500,中证500ETF
2019-12-20,4.574,4.525,4.588,4.516,2492639.0,sh510500,中证500ETF
2019-12-23,4.506,4.412,4.519,4.408,2803112.0,sh510500,中证500ETF
2019-12-24,4.421,4.485,4.491,4.418,2007034.0,sh510500,中证500ETF
2019-12-25,4.478,4.506,4.515,4.474,2160385.0,sh510500,中证500ETF
2019-12-26,4.5,4.543,4.546,4.49,1860776.0,sh510500,中证500ETF
2019-12-27,4.548,4.504,4.578,4.502,1723508.0,sh510500,中证500ETF
2019-12-30,4.494,4.572,4.576,4.457,2117614.0,sh510500,中证500ETF
2019-12-31,4.562,4.592,4.598,4.549,1716813.0,sh510500,中证500ETF
2020-01-02,4.638,4.686,4.7,4.608,2355809.0,sh510500,中证500ETF
2020-01-03,4.686,4.696,4.715,4.675,1544940.0,sh510500,中证500ETF
2020-01-06,4.682,4.753,4.804,4.67,2222495.0,sh510500,中证500ETF
2020-01-07,4.752,4.82,4.822,4.752,2126563.0,sh510500,中证500ETF
2020-01-08,4.787,4.747,4.816,4.732,2525136.0,sh510500,中证500ETF
2020-01-09,4.787,4.812,4.813,4.768,2345136.0,sh510500,中证500ETF
2020-01-10,4.823,4.79,4.832,4.763,2034241.0,sh510500,中证500ETF
2020-01-13,4.793,4.877,4.88,4.755,2035441.0,sh510500,中证500ETF
2020-01-14,4.881,4.854,4.897,4.849,1880568.0,sh510500,中证500ETF
2020-01-15,4.847,4.838,4.856,4.802,1757654.0,sh510500,中证500ETF
2020-01-16,4.841,4.845,4.863,4.824,1946917.0,sh510500,中证500ETF
2020-01-17,4.851,4.815,4.866,4.801,2598360.0,sh510500,中证500ETF
2020-01-20,4.823,4.903,4.904,4.807,1695533.0,sh510500,中证500ETF
2020-01-21,4.884,4.841,4.888,4.818,2949044.0,sh510500,中证500ETF
2020-01-22,4.815,4.881,4.914,4.749,2731954.0,sh510500,中证500ETF
2020-01-23,4.829,4.684,4.861,4.643,4130191.0,sh510500,中证500ETF
2020-02-03,4.278,4.272,4.311,4.238,6585798.0,sh510500,中证500ETF
2020-02-04,4.272,4.351,4.368,4.224,5387835.0,sh510500,中证500ETF
2020-02-05,4.354,4.453,4.5,4.343,3153531.0,sh510500,中证500ETF
2020-02-06,4.465,4.597,4.621,4.419,2942719.0,sh510500,中证500ETF
2020-02-07,4.592,4.645,4.648,4.556,2257387.0,sh510500,中证500ETF
2020-02-10,4.628,4.694,4.696,4.606,2794289.0,sh510500,中证500ETF
2020-02-11,4.692,4.671,4.707,4.641,2076757.0,sh510500,中证500ETF
2020-02-12,4.663,4.774,4.775,4.653,1923134.0,sh510500,中证500ETF
2020-02-13,4.767,4.728,4.784,4.714,2053852.0,sh510500,中证500ETF
2020-02-14,4.71,4.734,4.784,4.694,2122844.0,sh510500,中证500ETF
2020-02-17,4.757,4.908,4.911,4.757,3927560.0,sh510500,中证500ETF
2020-02-18,4.911,4.951,4.954,4.875,4065521.0,sh510500,中证500ETF
2020-02-19,4.949,4.908,4.967,4.898,2725918.0,sh510500,中证500ETF
2020-02-20,4.91,5.007,5.02,4.885,2697016.0,sh510500,中证500ETF
2020-02-21,4.993,5.093,5.122,4.991,3002605.0,sh510500,中证500ETF
2020-02-24,5.073,5.144,5.169,5.04,3061517.0,sh510500,中证500ETF
2020-02-25,5.056,5.18,5.194,4.949,3098406.0,sh510500,中证500ETF
2020-02-26,5.11,5.039,5.16,5.025,2850427.0,sh510500,中证500ETF
2020-02-27,5.046,5.037,5.109,4.994,2554707.0,sh510500,中证500ETF
2020-02-28,4.903,4.767,4.939,4.76,5454975.0,sh510500,中证500ETF
2020-03-02,4.81,4.956,4.983,4.81,3818569.0,sh510500,中证500ETF
2020-03-03,5.042,4.993,5.112,4.945,3848211.0,sh510500,中证500ETF
2020-03-04,4.956,5.01,5.015,4.903,1854032.0,sh510500,中证500ETF
2020-03-05,5.085,5.079,5.096,5.023,1427316.0,sh510500,中证500ETF
2020-03-06,5.016,5.048,5.097,5.015,1279349.0,sh510500,中证500ETF
2020-03-09,4.963,4.847,4.989,4.841,1836933.0,sh510500,中证500ETF
2020-03-10,4.797,4.963,4.967,4.739,3218574.0,sh510500,中证500ETF
2020-03-11,4.978,4.884,4.994,4.883,3206789.0,sh510500,中证500ETF
2020-03-12,4.822,4.816,4.86,4.764,1624254.0,sh510500,中证500ETF
2020-03-13,4.589,4.779,4.821,4.553,3606060.0,sh510500,中证500ETF
2020-03-16,4.787,4.528,4.788,4.513,2691513.0,sh510500,中证500ETF
2020-03-17,4.587,4.538,4.647,4.397,3675794.0,sh510500,中证500ETF
2020-03-18,4.56,4.464,4.649,4.45,2749654.0,sh510500,中证500ETF
2020-03-19,4.465,4.507,4.518,4.349,3665540.0,sh510500,中证500ETF
2020-03-20,4.533,4.543,4.551,4.461,2189061.0,sh510500,中证500ETF
2020-03-23,4.413,4.346,4.458,4.321,3550277.0,sh510500,中证500ETF
2020-03-24,4.428,4.413,4.453,4.304,3121371.0,sh510500,中证500ETF
2020-03-25,4.51,4.529,4.546,4.478,2781124.0,sh510500,中证500ETF
2020-03-26,4.5,4.482,4.54,4.48,1817386.0,sh510500,中证500ETF
2020-03-27,4.535,4.461,4.548,4.457,1481027.0,sh510500,中证500ETF
2020-03-30,4.413,4.368,4.413,4.316,2734372.0,sh510500,中证500ETF
2020-03-31,4.409,4.368,4.417,4.358,2196479.0,sh510500,中证500ETF
2020-04-01,4.356,4.35,4.438,4.346,1807071.0,sh510500,中证500ETF
2020-04-02,4.34,4.491,4.494,4.333,2387595.0,sh510500,中证500ETF
2020-04-03,4.46,4.432,4.479,4.41,2008259.0,sh510500,中证500ETF
2020-04-07,4.517,4.575,4.59,4.516,2324622.0,sh510500,中证500ETF
2020-04-08,4.557,4.59,4.608,4.548,1548707.0,sh510500,中证500ETF
2020-04-09,4.613,4.636,4.653,4.606,1505885.0,sh510500,中证500ETF
2020-04-10,4.631,4.546,4.631,4.522,2381165.0,sh510500,中证500ETF
2020-04-13,4.51,4.495,4.523,4.472,1793639.0,sh510500,中证500ETF
2020-04-14,4.516,4.6,4.606,4.515,1690095.0,sh510500,中证500ETF
2020-04-15,4.601,4.59,4.635,4.585,1594375.0,sh510500,中证500ETF
2020-04-16,4.574,4.629,4.652,4.566,1609135.0,sh510500,中证500ETF
2020-04-17,4.659,4.636,4.696,4.62,2199374.0,sh510500,中证500ETF
2020-04-20,4.636,4.69,4.691,4.628,1562339.0,sh510500,中证500ETF
2020-04-21,4.668,4.657,4.668,4.599,2327967.0,sh510500,中证500ETF
2020-04-22,4.614,4.705,4.709,4.612,1772944.0,sh510500,中证500ETF
2020-04-23,4.705,4.678,4.715,4.67,1038521.0,sh510500,中证500ETF
2020-04-24,4.659,4.603,4.675,4.586,1854293.0,sh510500,中证500ETF
2020-04-27,4.602,4.586,4.632,4.576,1449759.0,sh510500,中证500ETF
2020-04-28,4.586,4.547,4.587,4.44,2485506.0,sh510500,中证500ETF
2020-04-29,4.544,4.557,4.588,4.533,1519139.0,sh510500,中证500ETF
2020-04-30,4.577,4.681,4.695,4.577,2243237.0,sh510500,中证500ETF
2020-05-06,4.649,4.76,4.773,4.636,2184849.0,sh510500,中证500ETF
2020-05-07,4.76,4.753,4.777,4.732,2192708.0,sh510500,中证500ETF
2020-05-08,4.781,4.819,4.842,4.773,2014981.0,sh510500,中证500ETF
2020-05-11,4.822,4.799,4.863,4.777,2425209.0,sh510500,中证500ETF
2020-05-12,4.793,4.812,4.82,4.759,2965807.0,sh510500,中证500ETF
2020-05-13,4.805,4.839,4.848,4.784,1816368.0,sh510500,中证500ETF
2020-05-14,4.822,4.812,4.838,4.8,1052885.0,sh510500,中证500ETF
2020-05-15,4.813,4.822,4.861,4.806,2060949.0,sh510500,中证500ETF
2020-05-18,4.827,4.794,4.842,4.776,1363337.0,sh510500,中证500ETF
2020-05-19,4.823,4.853,4.856,4.817,1113590.0,sh510500,中证500ETF
2020-05-20,4.846,4.812,4.853,4.795,1674730.0,sh510500,中证500ETF
2020-05-21,4.815,4.75,4.828,4.743,1289927.0,sh510500,中证500ETF
2020-05-22,4.731,4.662,4.749,4.645,2175813.0,sh510500,中证500ETF
2020-05-25,4.659,4.641,4.676,4.625,1409516.0,sh510500,中证500ETF
2020-05-26,4.67,4.735,4.74,4.66,2113952.0,sh510500,中证500ETF
2020-05-27,4.739,4.703,4.74,4.682,2308307.0,sh510500,中证500ETF
2020-05-28,4.698,4.689,4.724,4.631,1472580.0,sh510500,中证500ETF
2020-05-29,4.668,4.731,4.737,4.667,1443810.0,sh510500,中证500ETF
2020-06-01,4.763,4.903,4.905,4.763,1849664.0,sh510500,中证500ETF
2020-06-02,4.919,4.897,4.924,4.87,1096533.0,sh510500,中证500ETF
2020-06-03,4.911,4.889,4.936,4.886,1566341.0,sh510500,中证500ETF
2020-06-04,4.904,4.898,4.913,4.87,1355713.0,sh510500,中证500ETF
2020-06-05,4.898,4.911,4.915,4.87,858368.0,sh510500,中证500ETF
2020-06-08,4.932,4.899,4.954,4.89,1052385.0,sh510500,中证500ETF
2020-06-09,4.9,4.931,4.945,4.886,1166062.0,sh510500,中证500ETF
2020-06-10,4.931,4.938,4.941,4.904,1024574.0,sh510500,中证500ETF
2020-06-11,4.938,4.928,5.007,4.893,1432500.0,sh510500,中证500ETF
2020-06-12,4.841,4.929,4.96,4.835,1912418.0,sh510500,中证500ETF
2020-06-15,4.924,4.923,4.987,4.918,2355230.0,sh510500,中证500ETF
2020-06-16,4.96,5.019,5.021,4.96,1434564.0,sh510500,中证500ETF
2020-06-17,5.032,5.062,5.072,5.016,1669329.0,sh510500,中证500ETF
2020-06-18,5.062,5.076,5.083,5.043,1811718.0,sh510500,中证500ETF
2020-06-19,5.076,5.117,5.138,5.069,2073458.0,sh510500,中证500ETF
2020-06-22,5.114,5.113,5.154,5.106,2032390.0,sh510500,中证500ETF
2020-06-23,5.113,5.138,5.141,5.086,1990145.0,sh510500,中证500ETF
2020-06-24,5.138,5.138,5.157,5.111,1353118.0,sh510500,中证500ETF
2020-06-29,5.133,5.114,5.133,5.086,1640613.0,sh510500,中证500ETF
2020-06-30,5.123,5.195,5.223,5.123,2285224.0,sh510500,中证500ETF
2020-07-01,5.211,5.22,5.224,5.162,2259112.0,sh510500,中证500ETF
2020-07-02,5.218,5.32,5.333,5.201,2327244.0,sh510500,中证500ETF
2020-07-03,5.324,5.396,5.399,5.307,3062998.0,sh510500,中证500ETF
2020-07-06,5.439,5.671,5.714,5.439,5460280.0,sh510500,中证500ETF
2020-07-07,5.733,5.731,5.833,5.657,4461696.0,sh510500,中证500ETF
2020-07-08,5.717,5.853,5.872,5.696,2622898.0,sh510500,中证500ETF
2020-07-09,5.847,6.02,6.032,5.836,2590714.0,sh510500,中证500ETF
2020-07-10,5.988,6.011,6.075,5.968,2595323.0,sh510500,中证500ETF
2020-07-13,6.017,6.214,6.218,6.017,2224808.0,sh510500,中证500ETF
2020-07-14,6.21,6.127,6.21,5.998,3332740.0,sh510500,中证500ETF
2020-07-15,6.126,5.991,6.17,5.93,3575152.0,sh510500,中证500ETF
2020-07-16,5.981,5.672,6.051,5.643,3916181.0,sh510500,中证500ETF
2020-07-17,5.672,5.676,5.777,5.626,3148470.0,sh510500,中证500ETF
2020-07-20,5.74,5.854,5.859,5.679,3695764.0,sh510500,中证500ETF
2020-07-21,5.869,5.889,5.922,5.835,1967811.0,sh510500,中证500ETF
2020-07-22,5.882,5.95,6.041,5.86,2271224.0,sh510500,中证500ETF
2020-07-23,5.897,5.943,5.965,5.767,2302647.0,sh510500,中证500ETF
2020-07-24,5.924,5.643,5.931,5.619,2990992.0,sh510500,中证500ETF
2020-07-27,5.653,5.64,5.691,5.584,2112835.0,sh510500,中证500ETF
2020-07-28,5.683,5.702,5.73,5.649,2048114.0,sh510500,中证500ETF
2020-07-29,5.667,5.874,5.883,5.661,2143425.0,sh510500,中证500ETF
2020-07-30,5.878,5.853,5.909,5.834,2100459.0,sh510500,中证500ETF
2020-07-31,5.851,5.918,5.967,5.797,2724781.0,sh510500,中证500ETF
2020-08-03,5.956,6.07,6.071,5.94,2364610.0,sh510500,中证500ETF
2020-08-04,6.073,6.032,6.087,6.003,1774699.0,sh510500,中证500ETF
2020-08-05,6.032,6.093,6.115,5.979,1666673.0,sh510500,中证500ETF
2020-08-06,6.094,6.109,6.124,5.989,1396510.0,sh510500,中证500ETF
2020-08-07,6.09,6.028,6.094,5.921,1447521.0,sh510500,中证500ETF
2020-08-10,5.993,6.059,6.104,5.976,1218002.0,sh510500,中证500ETF
2020-08-11,6.042,5.943,6.094,5.929,1164144.0,sh510500,中证500ETF
2020-08-12,5.915,5.862,5.932,5.748,2036215.0,sh510500,中证500ETF
2020-08-13,5.879,5.891,5.923,5.853,1529414.0,sh510500,中证500ETF
2020-08-14,5.892,5.98,5.984,5.856,2378647.0,sh510500,中证500ETF
2020-08-17,5.978,6.071,6.082,5.95,2317843.0,sh510500,中证500ETF
2020-08-18,6.068,6.117,6.144,6.067,1756017.0,sh510500,中证500ETF
2020-08-19,6.116,6.007,6.117,6.003,1443871.0,sh510500,中证500ETF
2020-08-20,6.011,5.944,6.015,5.923,1570903.0,sh510500,中证500ETF
2020-08-21,5.954,5.982,6.032,5.933,1426542.0,sh510500,中证500ETF
2020-08-24,6.002,6.016,6.032,5.926,1487080.0,sh510500,中证500ETF
2020-08-25,6.028,5.984,6.074,5.969,1369881.0,sh510500,中证500ETF
2020-08-26,5.977,5.876,5.998,5.846,1993635.0,sh510500,中证500ETF
2020-08-27,5.876,5.932,5.936,5.842,1645009.0,sh510500,中证500ETF
2020-08-28,5.922,6.039,6.047,5.89,2766579.0,sh510500,中证500ETF
2020-08-31,6.06,6.007,6.107,6.005,2331021.0,sh510500,中证500ETF
2020-09-01,5.993,6.053,6.054,5.985,1467228.0,sh510500,中证500ETF
2020-09-02,6.056,6.048,6.076,5.98,2963614.0,sh510500,中证500ETF
2020-09-03,6.045,6.013,6.074,5.991,1385375.0,sh510500,中证500ETF
2020-09-04,5.943,5.97,5.984,5.903,1821954.0,sh510500,中证500ETF
2020-09-07,5.953,5.837,6.018,5.811,2128803.0,sh510500,中证500ETF
2020-09-08,5.844,5.876,5.901,5.797,1665667.0,sh510500,中证500ETF
2020-09-09,5.812,5.72,5.832,5.68,2181447.0,sh510500,中证500ETF
2020-09-10,5.751,5.615,5.768,5.585,2778072.0,sh510500,中证500ETF
2020-09-11,5.58,5.666,5.679,5.573,2250177.0,sh510500,中证500ETF
2020-09-14,5.702,5.712,5.729,5.653,2377336.0,sh510500,中证500ETF
2020-09-15,5.698,5.736,5.749,5.685,1398307.0,sh510500,中证500ETF
2020-09-16,5.737,5.717,5.737,5.688,1264202.0,sh510500,中证500ETF
2020-09-17,5.696,5.73,5.778,5.659,1866411.0,sh510500,中证500ETF
2020-09-18,5.723,5.841,5.844,5.714,2046933.0,sh510500,中证500ETF
2020-09-21,5.836,5.797,5.864,5.786,2752739.0,sh510500,中证500ETF
2020-09-22,5.762,5.72,5.828,5.694,1877292.0,sh510500,中证500ETF
2020-09-23,5.723,5.75,5.768,5.714,1239950.0,sh510500,中证500ETF
2020-09-24,5.709,5.631,5.718,5.607,2625114.0,sh510500,中证500ETF
2020-09-25,5.632,5.613,5.656,5.581,1793430.0,sh510500,中证500ETF
2020-09-28,5.626,5.557,5.635,5.542,1632284.0,sh510500,中证500ETF
2020-09-29,5.574,5.6,5.654,5.56,2285574.0,sh510500,中证500ETF
2020-09-30,5.605,5.559,5.636,5.516,2315234.0,sh510500,中证500ETF
2020-10-09,5.651,5.714,5.74,5.651,1943606.0,sh510500,中证500ETF
2020-10-12,5.757,5.901,5.904,5.756,1723050.0,sh510500,中证500ETF
2020-10-13,5.884,5.902,5.911,5.838,1951272.0,sh510500,中证500ETF
2020-10-14,5.894,5.874,5.897,5.859,1434718.0,sh510500,中证500ETF
2020-10-15,5.866,5.827,5.888,5.825,1521886.0,sh510500,中证500ETF
2020-10-16,5.837,5.793,5.843,5.747,1498340.0,sh510500,中证500ETF
2020-10-19,5.827,5.733,5.853,5.709,2987907.0,sh510500,中证500ETF
2020-10-20,5.719,5.784,5.79,5.695,1452437.0,sh510500,中证500ETF
2020-10-21,5.775,5.733,5.791,5.69,1667242.0,sh510500,中证500ETF
2020-10-22,5.714,5.695,5.722,5.636,1578667.0,sh510500,中证500ETF
2020-10-23,5.681,5.595,5.739,5.584,1849189.0,sh510500,中证500ETF
2020-10-26,5.59,5.59,5.619,5.506,1873749.0,sh510500,中证500ETF
2020-10-27,5.56,5.588,5.605,5.551,1164666.0,sh510500,中证500ETF
2020-10-28,5.588,5.623,5.628,5.54,1312405.0,sh510500,中证500ETF
2020-10-29,5.564,5.632,5.664,5.552,1683061.0,sh510500,中证500ETF
2020-10-30,5.631,5.496,5.669,5.488,2136616.0,sh510500,中证500ETF
2020-11-02,5.5,5.516,5.547,5.487,1423140.0,sh510500,中证500ETF
2020-11-03,5.54,5.609,5.623,5.524,1501077.0,sh510500,中证500ETF
2020-11-04,5.609,5.608,5.632,5.551,1951659.0,sh510500,中证500ETF
2020-11-05,5.654,5.727,5.739,5.636,1771943.0,sh510500,中证500ETF
2020-11-06,5.727,5.681,5.736,5.621,1718166.0,sh510500,中证500ETF
2020-11-09,5.705,5.781,5.822,5.704,2570667.0,sh510500,中证500ETF
2020-11-10,5.805,5.739,5.805,5.698,2402011.0,sh510500,中证500ETF
2020-11-11,5.723,5.665,5.75,5.664,1013077.0,sh510500,中证500ETF
2020-11-12,5.669,5.685,5.716,5.661,1008467.0,sh510500,中证500ETF
2020-11-13,5.668,5.687,5.694,5.615,1488982.0,sh510500,中证500ETF
2020-11-16,5.698,5.757,5.757,5.67,1337394.0,sh510500,中证500ETF
2020-11-17,5.751,5.716,5.753,5.683,1174559.0,sh510500,中证500ETF
2020-11-18,5.712,5.71,5.764,5.688,1607763.0,sh510500,中证500ETF
2020-11-19,5.701,5.744,5.753,5.665,1258747.0,sh510500,中证500ETF
2020-11-20,5.723,5.796,5.808,5.723,1641626.0,sh510500,中证500ETF
2020-11-23,5.798,5.842,5.895,5.771,2074251.0,sh510500,中证500ETF
2020-11-24,5.84,5.84,5.862,5.829,1359848.0,sh510500,中证500ETF
2020-11-25,5.855,5.741,5.865,5.731,1220204.0,sh510500,中证500ETF
2020-11-26,5.74,5.723,5.748,5.677,1672075.0,sh510500,中证500ETF
2020-11-27,5.724,5.748,5.75,5.654,1467894.0,sh510500,中证500ETF
2020-11-30,5.749,5.702,5.784,5.684,2104188.0,sh510500,中证500ETF
2020-12-01,5.694,5.8,5.821,5.688,1643335.0,sh510500,中证500ETF
2020-12-02,5.802,5.805,5.82,5.764,2157235.0,sh510500,中证500ETF
2020-12-03,5.804,5.826,5.843,5.763,1936932.0,sh510500,中证500ETF
2020-12-04,5.81,5.849,5.852,5.778,1305096.0,sh510500,中证500ETF
2020-12-07,5.846,5.804,5.854,5.787,1867852.0,sh510500,中证500ETF
2020-12-08,5.798,5.796,5.833,5.791,1345228.0,sh510500,中证500ETF
2020-12-09,5.801,5.7,5.81,5.694,2173417.0,sh510500,中证500ETF
2020-12-10,5.669,5.71,5.739,5.658,1220833.0,sh510500,中证500ETF
2020-12-11,5.713,5.611,5.734,5.577,1817076.0,sh510500,中证500ETF
2020-12-14,5.611,5.655,5.66,5.577,1201177.0,sh510500,中证500ETF
2020-12-15,5.642,5.661,5.671,5.624,1587525.0,sh510500,中证500ETF
2020-12-16,5.661,5.639,5.67,5.617,909967.0,sh510500,中证500ETF
2020-12-17,5.635,5.712,5.721,5.597,2054670.0,sh510500,中证500ETF
2020-12-18,5.705,5.691,5.727,5.661,1947078.0,sh510500,中证500ETF
2020-12-21,5.688,5.788,5.804,5.685,1938413.0,sh510500,中证500ETF
2020-12-22,5.784,5.669,5.784,5.653,2145609.0,sh510500,中证500ETF
2020-12-23,5.67,5.702,5.741,5.646,1857667.0,sh510500,中证500ETF
2020-12-24,5.699,5.625,5.701,5.611,1925713.0,sh510500,中证500ETF
2020-12-25,5.606,5.681,5.694,5.601,2219405.0,sh510500,中证500ETF
2020-12-28,5.672,5.644,5.695,5.624,2139928.0,sh510500,中证500ETF
2020-12-29,5.647,5.618,5.696,5.605,2109532.0,sh510500,中证500ETF
2020-12-30,5.612,5.668,5.7,5.597,1662173.0,sh510500,中证500ETF
2020-12-31,5.687,5.76,5.77,5.676,2067035.0,sh510500,中证500ETF
2021-01-04,5.778,5.865,5.897,5.75,3035862.0,sh510500,中证500ETF
2021-01-05,5.854,5.92,5.934,5.834,2026001.0,sh510500,中证500ETF
2021-01-06,5.922,5.913,5.97,5.864,1404208.0,sh510500,中证500ETF
2021-01-07,5.901,5.939,5.958,5.867,1067883.0,sh510500,中证500ETF
2021-01-08,5.94,5.955,5.992,5.881,1351340.0,sh510500,中证500ETF
2021-01-11,5.948,5.857,5.958,5.819,1522740.0,sh510500,中证500ETF
2021-01-12,5.839,5.934,5.94,5.837,1778100.0,sh510500,中证500ETF
2021-01-13,5.933,5.894,5.939,5.86,1483180.0,sh510500,中证500ETF
2021-01-14,5.881,5.849,5.916,5.81,1460246.0,sh510500,中证500ETF
2021-01-15,5.843,5.826,5.853,5.756,2168354.0,sh510500,中证500ETF
2021-01-18,5.804,5.901,5.92,5.8,1489552.0,sh510500,中证500ETF
2021-01-19,5.901,5.867,5.923,5.853,1131514.0,sh510500,中证500ETF
2021-01-20,5.865,5.924,5.934,5.851,1017349.0,sh510500,中证500ETF
2021-01-21,5.932,6.013,6.037,5.932,1327385.0,sh510500,中证500ETF
2021-01-22,6.0,6.022,6.033,5.958,1653067.0,sh510500,中证500ETF
2021-01-25,6.019,6.032,6.096,5.986,855144.0,sh510500,中证500ETF
2021-01-26,6.0,5.935,6.008,5.919,1137187.0,sh510500,中证500ETF
2021-01-27,5.922,5.95,5.954,5.885,1286105.0,sh510500,中证500ETF
2021-01-28,5.89,5.831,5.915,5.812,2376661.0,sh510500,中证500ETF
2021-01-29,5.844,5.743,5.864,5.661,2775648.0,sh510500,中证500ETF
2021-02-01,5.742,5.786,5.793,5.737,1044764.0,sh510500,中证500ETF
2021-02-02,5.788,5.845,5.848,5.76,2128659.0,sh510500,中证500ETF
2021-02-03,5.845,5.808,5.873,5.807,1823170.0,sh510500,中证500ETF
2021-02-04,5.784,5.741,5.805,5.663,3522828.0,sh510500,中证500ETF
2021-02-05,5.739,5.649,5.775,5.644,1921557.0,sh510500,中证500ETF
2021-02-08,5.652,5.722,5.75,5.626,2063418.0,sh510500,中证500ETF
2021-02-09,5.718,5.846,5.86,5.718,2709694.0,sh510500,中证500ETF
2021-02-10,5.853,5.916,5.931,5.813,3200107.0,sh510500,中证500ETF
2021-02-18,6.037,6.01,6.072,5.95,1296603.0,sh510500,中证500ETF
2021-02-19,5.999,6.101,6.109,5.943,1877315.0,sh510500,中证500ETF
2021-02-22,6.123,6.041,6.203,6.039,2075321.0,sh510500,中证500ETF
2021-02-23,6.01,6.024,6.094,6.005,2332911.0,sh510500,中证500ETF
2021-02-24,6.006,5.942,6.063,5.885,3450542.0,sh510500,中证500ETF
2021-02-25,5.98,5.91,6.0,5.873,1718780.0,sh510500,中证500ETF
2021-02-26,5.812,5.771,5.855,5.75,2449627.0,sh510500,中证500ETF
2021-03-01,5.792,5.881,5.883,5.792,1822035.0,sh510500,中证500ETF
2021-03-02,5.9,5.832,5.906,5.793,2770719.0,sh510500,中证500ETF
2021-03-03,5.817,5.915,5.918,5.817,1568877.0,sh510500,中证500ETF
2021-03-04,5.888,5.808,5.888,5.781,2812606.0,sh510500,中证500ETF
2021-03-05,5.752,5.818,5.85,5.731,2768024.0,sh510500,中证500ETF
2021-03-08,5.841,5.669,5.895,5.66,3019165.0,sh510500,中证500ETF
2021-03-09,5.66,5.533,5.674,5.46,5123328.0,sh510500,中证500ETF
2021-03-10,5.57,5.471,5.599,5.463,2454399.0,sh510500,中证500ETF
2021-03-11,5.471,5.628,5.631,5.45,2423148.0,sh510500,中证500ETF
2021-03-12,5.635,5.633,5.642,5.542,2201418.0,sh510500,中证500ETF
2021-03-15,5.596,5.593,5.639,5.529,2174574.0,sh510500,中证500ETF
2021-03-16,5.592,5.596,5.636,5.543,1877721.0,sh510500,中证500ETF
2021-03-17,5.584,5.631,5.642,5.528,1653680.0,sh510500,中证500ETF
2021-03-18,5.631,5.675,5.712,5.631,1614663.0,sh510500,中证500ETF
2021-03-19,5.617,5.626,5.668,5.582,1525770.0,sh510500,中证500ETF
2021-03-22,5.616,5.703,5.715,5.616,1751034.0,sh510500,中证500ETF
2021-03-23,5.704,5.633,5.716,5.601,2012770.0,sh510500,中证500ETF
2021-03-24,5.592,5.568,5.645,5.553,2166433.0,sh510500,中证500ETF
2021-03-25,5.542,5.582,5.608,5.526,2139135.0,sh510500,中证500ETF
2021-03-26,5.584,5.66,5.675,5.582,1947914.0,sh510500,中证500ETF
2021-03-29,5.666,5.66,5.681,5.618,2549110.0,sh510500,中证500ETF
2021-03-30,5.655,5.681,5.693,5.622,1500819.0,sh510500,中证500ETF
2021-03-31,5.674,5.673,5.681,5.605,1878681.0,sh510500,中证500ETF
2021-04-01,5.668,5.715,5.733,5.647,1341360.0,sh510500,中证500ETF
2021-04-02,5.723,5.729,5.745,5.695,1237229.0,sh510500,中证500ETF
2021-04-06,5.741,5.741,5.783,5.723,1420583.0,sh510500,中证500ETF
2021-04-07,5.746,5.75,5.753,5.689,1577805.0,sh510500,中证500ETF
2021-04-08,5.744,5.769,5.788,5.711,1551707.0,sh510500,中证500ETF
2021-04-09,5.755,5.748,5.773,5.721,886793.0,sh510500,中证500ETF
2021-04-12,5.736,5.648,5.748,5.623,2586475.0,sh510500,中证500ETF
2021-04-13,5.634,5.629,5.673,5.615,1642383.0,sh510500,中证500ETF
2021-04-14,5.628,5.684,5.705,5.628,1652684.0,sh510500,中证500ETF
2021-04-15,5.675,5.69,5.698,5.626,1645083.0,sh510500,中证500ETF
2021-04-16,5.707,5.766,5.768,5.69,2505043.0,sh510500,中证500ETF
2021-04-19,5.757,5.829,5.843,5.733,1764843.0,sh510500,中证500ETF
2021-04-20,5.818,5.841,5.87,5.812,1533981.0,sh510500,中证500ETF
2021-04-21,5.815,5.825,5.846,5.782,912021.0,sh510500,中证500ETF
2021-04-22,5.839,5.847,5.875,5.827,1717413.0,sh510500,中证500ETF
2021-04-23,5.846,5.878,5.88,5.817,902586.0,sh510500,中证500ETF
2021-04-26,5.874,5.852,5.955,5.846,1575532.0,sh510500,中证500ETF
2021-04-27,5.85,5.85,5.878,5.817,1312648.0,sh510500,中证500ETF
2021-04-28,5.848,5.895,5.901,5.811,997835.0,sh510500,中证500ETF
2021-04-29,5.895,5.897,5.908,5.86,1012606.0,sh510500,中证500ETF
2021-04-30,5.895,5.907,5.915,5.837,1115413.0,sh510500,中证500ETF
2021-05-06,5.902,5.887,5.958,5.851,1312625.0,sh510500,中证500ETF
2021-05-07,5.895,5.86,5.941,5.853,1961548.0,sh510500,中证500ETF
2021-05-10,5.86,5.879,5.91,5.847,1140243.0,sh510500,中证500ETF
2021-05-11,5.851,5.861,5.886,5.766,1057190.0,sh510500,中证500ETF
2021-05-12,5.847,5.93,5.942,5.827,1058087.0,sh510500,中证500ETF
2021-05-13,5.895,5.86,5.913,5.845,1425188.0,sh510500,中证500ETF
2021-05-14,5.869,5.957,5.96,5.844,2137629.0,sh510500,中证500ETF
2021-05-17,5.957,5.99,6.027,5.95,1666054.0,sh510500,中证500ETF
2021-05-18,5.99,6.007,6.019,5.978,1436336.0,sh510500,中证500ETF
2021-05-19,5.999,5.997,6.005,5.958,890060.0,sh510500,中证500ETF
2021-05-20,5.994,5.973,6.002,5.923,966255.0,sh510500,中证500ETF
2021-05-21,5.972,5.949,5.993,5.933,941467.0,sh510500,中证500ETF
2021-05-24,5.947,5.967,5.992,5.91,938705.0,sh510500,中证500ETF
2021-05-25,5.966,6.035,6.056,5.951,1430926.0,sh510500,中证500ETF
2021-05-26,6.039,6.045,6.054,6.026,2379804.0,sh510500,中证500ETF
2021-05-27,6.039,6.098,6.101,6.03,2050011.0,sh510500,中证500ETF
2021-05-28,6.1,6.095,6.131,6.065,1689170.0,sh510500,中证500ETF
2021-05-31,6.098,6.141,6.144,6.08,1515914.0,sh510500,中证500ETF
2021-06-01,6.135,6.151,6.157,6.072,2568562.0,sh510500,中证500ETF
2021-06-02,6.148,6.111,6.161,6.089,1552095.0,sh510500,中证500ETF
2021-06-03,6.105,6.098,6.163,6.09,1086163.0,sh510500,中证500ETF
2021-06-04,6.073,6.128,6.159,6.055,1028095.0,sh510500,中证500ETF
2021-06-07,6.141,6.146,6.154,6.106,1671511.0,sh510500,中证500ETF
2021-06-08,6.142,6.122,6.185,6.086,1096606.0,sh510500,中证500ETF
2021-06-09,6.111,6.116,6.135,6.09,884139.0,sh510500,中证500ETF
2021-06-10,6.12,6.199,6.204,6.105,973626.0,sh510500,中证500ETF
2021-06-11,6.197,6.167,6.209,6.154,963346.0,sh510500,中证500ETF
2021-06-15,6.167,6.087,6.176,6.079,1033547.0,sh510500,中证500ETF
2021-06-16,6.087,6.009,6.09,5.99,1570194.0,sh510500,中证500ETF
2021-06-17,5.996,6.048,6.059,5.996,1174271.0,sh510500,中证500ETF
2021-06-18,6.048,6.113,6.159,6.032,1859726.0,sh510500,中证500ETF
2021-06-21,6.097,6.138,6.163,6.078,1339867.0,sh510500,中证500ETF
2021-06-22,6.157,6.177,6.188,6.125,1142697.0,sh510500,中证500ETF
2021-06-23,6.184,6.23,6.243,6.161,1097606.0,sh510500,中证500ETF
2021-06-24,6.23,6.206,6.23,6.183,1972241.0,sh510500,中证500ETF
2021-06-25,6.197,6.259,6.277,6.188,1856501.0,sh510500,中证500ETF
2021-06-28,6.259,6.263,6.289,6.241,737631.0,sh510500,中证500ETF
2021-06-29,6.263,6.212,6.273,6.191,1757478.0,sh510500,中证500ETF
2021-06-30,6.214,6.245,6.264,6.204,1389422.0,sh510500,中证500ETF
2021-07-01,6.262,6.17,6.266,6.163,1304142.0,sh510500,中证500ETF
2021-07-02,6.157,6.115,6.172,6.105,1227000.0,sh510500,中证500ETF
2021-07-05,6.115,6.154,6.166,6.115,1021735.0,sh510500,中证500ETF
2021-07-06,6.154,6.153,6.188,6.089,1121336.0,sh510500,中证500ETF
2021-07-07,6.115,6.212,6.216,6.105,1094795.0,sh510500,中证500ETF
2021-07-08,6.219,6.203,6.245,6.194,955788.0,sh510500,中证500ETF
2021-07-09,6.202,6.259,6.266,6.149,1094977.0,sh510500,中证500ETF
2021-07-12,6.293,6.354,6.377,6.285,1506855.0,sh510500,中证500ETF
2021-07-13,6.354,6.417,6.424,6.336,798170.0,sh510500,中证500ETF
2021-07-14,6.414,6.373,6.427,6.353,1805172.0,sh510500,中证500ETF
2021-07-15,6.362,6.389,6.398,6.304,1434855.0,sh510500,中证500ETF
2021-07-16,6.373,6.398,6.45,6.373,1051270.0,sh510500,中证500ETF
2021-07-19,6.352,6.36,6.404,6.333,1192292.0,sh510500,中证500ETF
2021-07-20,6.325,6.368,6.377,6.311,1337093.0,sh510500,中证500ETF
2021-07-21,6.379,6.453,6.463,6.379,1544116.0,sh510500,中证500ETF
2021-07-22,6.456,6.483,6.491,6.429,774797.0,sh510500,中证500ETF
2021-07-23,6.493,6.47,6.522,6.439,1235951.0,sh510500,中证500ETF
2021-07-26,6.456,6.343,6.471,6.266,2574860.0,sh510500,中证500ETF
2021-07-27,6.34,6.215,6.397,6.204,3718049.0,sh510500,中证500ETF
2021-07-28,6.162,6.115,6.195,6.031,4919590.0,sh510500,中证500ETF
2021-07-29,6.203,6.226,6.243,6.161,3057297.0,sh510500,中证500ETF
2021-07-30,6.196,6.247,6.252,6.177,1553074.0,sh510500,中证500ETF
2021-08-02,6.245,6.337,6.344,6.211,2908945.0,sh510500,中证500ETF
2021-08-03,6.332,6.29,6.343,6.275,2433424.0,sh510500,中证500ETF
2021-08-04,6.288,6.389,6.391,6.277,3055811.0,sh510500,中证500ETF
2021-08-05,6.375,6.381,6.41,6.34,1473398.0,sh510500,中证500ETF
2021-08-06,6.382,6.412,6.414,6.356,721395.0,sh510500,中证500ETF
2021-08-09,6.391,6.439,6.453,6.361,1398444.0,sh510500,中证500ETF
2021-08-10,6.431,6.486,6.491,6.42,887425.0,sh510500,中证500ETF
2021-08-11,6.485,6.538,6.543,6.465,863326.0,sh510500,中证500ETF
2021-08-12,6.527,6.565,6.588,6.503,959175.0,sh510500,中证500ETF
2021-08-13,6.561,6.567,6.594,6.528,839808.0,sh510500,中证500ETF
2021-08-16,6.568,6.532,6.581,6.514,1083856.0,sh510500,中证500ETF
2021-08-17,6.521,6.379,6.537,6.359,3031830.0,sh510500,中证500ETF
2021-08-18,6.375,6.408,6.428,6.347,1958593.0,sh510500,中证500ETF
2021-08-19,6.397,6.423,6.446,6.338,1782311.0,sh510500,中证500ETF
2021-08-20,6.404,6.393,6.43,6.329,1606132.0,sh510500,中证500ETF
2021-08-23,6.405,6.491,6.5,6.405,1569616.0,sh510500,中证500ETF
2021-08-24,6.517,6.563,6.572,6.472,1132461.0,sh510500,中证500ETF
2021-08-25,6.561,6.619,6.622,6.527,842659.0,sh510500,中证500ETF
2021-08-26,6.617,6.589,6.639,6.578,829137.0,sh510500,中证500ETF
2021-08-27,6.578,6.643,6.655,6.562,634108.0,sh510500,中证500ETF
2021-08-30,6.657,6.692,6.728,6.646,883207.0,sh510500,中证500ETF
2021-08-31,6.689,6.72,6.722,6.624,775768.0,sh510500,中证500ETF
2021-09-01,6.727,6.659,6.736,6.578,1039705.0,sh510500,中证500ETF
2021-09-02,6.651,6.787,6.795,6.637,886281.0,sh510500,中证500ETF
2021-09-03,6.814,6.75,6.857,6.704,1349934.0,sh510500,中证500ETF
2021-09-06,6.754,6.812,6.814,6.703,956768.0,sh510500,中证500ETF
2021-09-07,6.802,6.97,6.974,6.801,927624.0,sh510500,中证500ETF
2021-09-08,6.97,7.017,7.02,6.957,1067987.0,sh510500,中证500ETF
2021-09-09,7.008,7.082,7.091,6.989,776634.0,sh510500,中证500ETF
2021-09-10,7.074,7.079,7.137,7.027,1267154.0,sh510500,中证500ETF
2021-09-13,7.058,7.105,7.119,7.023,1216260.0,sh510500,中证500ETF
2021-09-14,7.102,7.022,7.162,7.002,1203533.0,sh510500,中证500ETF
2021-09-15,6.992,7.053,7.092,6.987,793442.0,sh510500,中证500ETF
2021-09-16,7.058,6.918,7.119,6.912,1325680.0,sh510500,中证500ETF
2021-09-17,6.896,6.858,6.948,6.758,2594170.0,sh510500,中证500ETF
2021-09-22,6.751,6.93,6.933,6.751,1366398.0,sh510500,中证500ETF
2021-09-23,6.951,6.97,6.998,6.919,1482142.0,sh510500,中证500ETF
2021-09-24,6.97,6.861,6.97,6.853,3466043.0,sh510500,中证500ETF
2021-09-27,6.86,6.661,6.879,6.617,4637984.0,sh510500,中证500ETF
2021-09-28,6.646,6.665,6.693,6.633,1570087.0,sh510500,中证500ETF
2021-09-29,6.635,6.507,6.637,6.478,3640229.0,sh510500,中证500ETF
2021-09-30,6.513,6.569,6.579,6.513,2628261.0,sh510500,中证500ETF
2021-10-08,6.637,6.559,6.664,6.522,2123653.0,sh510500,中证500ETF
2021-10-11,6.552,6.553,6.589,6.514,1754982.0,sh510500,中证500ETF
2021-10-12,6.553,6.419,6.555,6.377,3119293.0,sh510500,中证500ETF
2021-10-13,6.41,6.45,6.468,6.37,1695016.0,sh510500,中证500ETF
2021-10-14,6.425,6.475,6.495,6.412,1770336.0,sh510500,中证500ETF
2021-10-15,6.475,6.51,6.516,6.448,2080979.0,sh510500,中证500ETF
2021-10-18,6.491,6.531,6.534,6.452,2753473.0,sh510500,中证500ETF
2021-10-19,6.531,6.585,6.593,6.508,2034651.0,sh510500,中证500ETF
2021-10-20,6.546,6.582,6.62,6.532,1683101.0,sh510500,中证500ETF
2021-10-21,6.578,6.564,6.612,6.531,1359628.0,sh510500,中证500ETF
2021-10-22,6.555,6.511,6.58,6.502,1206003.0,sh510500,中证500ETF
2021-10-25,6.498,6.569,6.571,6.486,965025.0,sh510500,中证500ETF
2021-10-26,6.575,6.579,6.62,6.548,1630494.0,sh510500,中证500ETF
2021-10-27,6.561,6.517,6.573,6.487,878035.0,sh510500,中证500ETF
2021-10-28,6.505,6.435,6.516,6.417,2629406.0,sh510500,中证500ETF
2021-10-29,6.434,6.504,6.506,6.407,1451550.0,sh510500,中证500ETF
2021-11-01,6.479,6.53,6.556,6.473,1004768.0,sh510500,中证500ETF
2021-11-02,6.518,6.463,6.578,6.408,3254975.0,sh510500,中证500ETF
2021-11-03,6.452,6.486,6.515,6.447,1519309.0,sh510500,中证500ETF
2021-11-04,6.492,6.541,6.546,6.492,950184.0,sh510500,中证500ETF
2021-11-05,6.53,6.485,6.549,6.479,1804220.0,sh510500,中证500ETF
2021-11-08,6.468,6.506,6.519,6.458,1261528.0,sh510500,中证500ETF
2021-11-09,6.526,6.549,6.558,6.5,1539389.0,sh510500,中证500ETF
2021-11-10,6.543,6.532,6.543,6.433,2346547.0,sh510500,中证500ETF
2021-11-11,6.523,6.589,6.592,6.516,1349181.0,sh510500,中证500ETF
2021-11-12,6.596,6.628,6.642,6.589,866999.0,sh510500,中证500ETF
2021-11-15,6.624,6.576,6.662,6.556,1089523.0,sh510500,中证500ETF
2021-11-16,6.573,6.529,6.602,6.521,998287.0,sh510500,中证500ETF
2021-11-17,6.53,6.57,6.573,6.518,1159843.0,sh510500,中证500ETF
2021-11-18,6.566,6.569,6.61,6.534,1722075.0,sh510500,中证500ETF
2021-11-19,6.561,6.652,6.661,6.558,2181358.0,sh510500,中证500ETF
2021-11-22,6.665,6.713,6.722,6.661,2361923.0,sh510500,中证500ETF
2021-11-23,6.705,6.73,6.757,6.699,1547576.0,sh510500,中证500ETF
2021-11-24,6.717,6.724,6.753,6.701,862136.0,sh510500,中证500ETF
2021-11-25,6.722,6.72,6.736,6.706,858996.0,sh510500,中证500ETF
2021-11-26,6.679,6.699,6.732,6.665,1044241.0,sh510500,中证500ETF
2021-11-29,6.639,6.706,6.711,6.625,1615537.0,sh510500,中证500ETF
2021-11-30,6.713,6.72,6.75,6.679,1303971.0,sh510500,中证500ETF
2021-12-01,6.715,6.757,6.76,6.698,768421.0,sh510500,中证500ETF
2021-12-02,6.745,6.714,6.754,6.692,931372.0,sh510500,中证500ETF
2021-12-03,6.706,6.781,6.787,6.702,811437.0,sh510500,中证500ETF
2021-12-06,6.775,6.724,6.802,6.712,1420154.0,sh510500,中证500ETF
2021-12-07,6.744,6.68,6.754,6.639,911160.0,sh510500,中证500ETF
2021-12-08,6.682,6.784,6.785,6.682,1032141.0,sh510500,中证500ETF
2021-12-09,6.771,6.791,6.817,6.761,844036.0,sh510500,中证500ETF
2021-12-10,6.764,6.789,6.806,6.764,1469407.0,sh510500,中证500ETF
2021-12-13,6.788,6.804,6.83,6.774,951802.0,sh510500,中证500ETF
2021-12-14,6.78,6.787,6.814,6.775,703971.0,sh510500,中证500ETF
2021-12-15,6.776,6.778,6.815,6.765,719848.0,sh510500,中证500ETF
2021-12-16,6.778,6.844,6.847,6.775,1095205.0,sh510500,中证500ETF
2021-12-17,6.844,6.793,6.844,6.779,2085296.0,sh510500,中证500ETF
2021-12-20,6.761,6.68,6.787,6.671,4126650.0,sh510500,中证500ETF
2021-12-21,6.672,6.734,6.762,6.672,2002078.0,sh510500,中证500ETF
2021-12-22,6.744,6.763,6.785,6.732,1393045.0,sh510500,中证500ETF
2021-12-23,6.775,6.803,6.823,6.754,1068636.0,sh510500,中证500ETF
2021-12-24,6.802,6.761,6.802,6.731,2780005.0,sh510500,中证500ETF
2021-12-27,6.747,6.746,6.799,6.736,2750418.0,sh510500,中证500ETF
2021-12-28,6.75,6.751,6.761,6.709,1970082.0,sh510500,中证500ETF
2021-12-29,6.747,6.733,6.758,6.717,2089351.0,sh510500,中证500ETF
2021-12-30,6.721,6.784,6.792,6.72,2191431.0,sh510500,中证500ETF
2021-12-31,6.784,6.821,6.841,6.783,1947819.0,sh510500,中证500ETF
2022-01-04,6.844,6.827,6.848,6.776,2062248.0,sh510500,中证500ETF
2022-01-05,6.823,6.686,6.823,6.675,2840590.0,sh510500,中证500ETF
2022-01-06,6.646,6.694,6.706,6.633,2042769.0,sh510500,中证500ETF
2022-01-07,6.696,6.658,6.722,6.649,1916156.0,sh510500,中证500ETF
2022-01-10,6.644,6.659,6.671,6.605,900918.0,sh510500,中证500ETF
2022-01-11,6.664,6.618,6.679,6.598,1557848.0,sh510500,中证500ETF
2022-01-12,6.622,6.666,6.672,6.622,1007385.0,sh510500,中证500ETF
2022-01-13,6.67,6.588,6.676,6.579,2088077.0,sh510500,中证500ETF
2022-01-14,6.552,6.555,6.609,6.539,2243776.0,sh510500,中证500ETF
2022-01-17,6.555,6.624,6.647,6.554,1752484.0,sh510500,中证500ETF
2022-01-18,6.626,6.636,6.658,6.597,1375283.0,sh510500,中证500ETF
2022-01-19,6.63,6.596,6.662,6.56,2528906.0,sh510500,中证500ETF
2022-01-20,6.594,6.541,6.617,6.521,2976174.0,sh510500,中证500ETF
2022-01-21,6.534,6.467,6.537,6.452,4420612.0,sh510500,中证500ETF
2022-01-24,6.425,6.459,6.487,6.409,1850726.0,sh510500,中证500ETF
2022-01-25,6.445,6.234,6.453,6.228,3060112.0,sh510500,中证500ETF
2022-01-26,6.246,6.259,6.28,6.212,2169795.0,sh510500,中证500ETF
2022-01-27,6.253,6.1,6.259,6.088,2375433.0,sh510500,中证500ETF
2022-01-28,6.124,6.055,6.167,5.99,3787125.0,sh510500,中证500ETF
2022-02-07,6.115,6.148,6.178,6.115,3284618.0,sh510500,中证500ETF
2022-02-08,6.154,6.225,6.229,6.085,1571239.0,sh510500,中证500ETF
2022-02-09,6.237,6.316,6.324,6.216,1729170.0,sh510500,中证500ETF
2022-02-10,6.311,6.315,6.34,6.28,1435129.0,sh510500,中证500ETF
2022-02-11,6.295,6.235,6.321,6.224,1940826.0,sh510500,中证500ETF
2022-02-14,6.198,6.178,6.257,6.16,2468390.0,sh510500,中证500ETF
2022-02-15,6.184,6.236,6.241,6.166,2155629.0,sh510500,中证500ETF
2022-02-16,6.263,6.25,6.272,6.227,1784198.0,sh510500,中证500ETF
2022-02-17,6.245,6.252,6.286,6.208,1496085.0,sh510500,中证500ETF
2022-02-18,6.229,6.311,6.316,6.218,1577990.0,sh510500,中证500ETF
2022-02-21,6.312,6.341,6.348,6.3,1627205.0,sh510500,中证500ETF
2022-02-22,6.303,6.266,6.305,6.22,1641614.0,sh510500,中证500ETF
2022-02-23,6.266,6.364,6.364,6.266,2241451.0,sh510500,中证500ETF
2022-02-24,6.335,6.248,6.37,6.179,3293181.0,sh510500,中证500ETF
2022-02-25,6.298,6.295,6.382,6.283,2399984.0,sh510500,中证500ETF
2022-02-28,6.299,6.329,6.334,6.25,1578557.0,sh510500,中证500ETF
2022-03-01,6.339,6.347,6.368,6.31,1997727.0,sh510500,中证500ETF
2022-03-02,6.331,6.349,6.355,6.3,1411748.0,sh510500,中证500ETF
2022-03-03,6.383,6.342,6.388,6.315,1509535.0,sh510500,中证500ETF
2022-03-04,6.3,6.295,6.362,6.27,1616028.0,sh510500,中证500ETF
2022-03-07,6.281,6.142,6.281,6.113,2099244.0,sh510500,中证500ETF
2022-03-08,6.142,5.901,6.149,5.898,4647118.0,sh510500,中证500ETF
2022-03-09,5.923,5.791,5.95,5.558,6283447.0,sh510500,中证500ETF
2022-03-10,5.88,5.89,5.95,5.862,4029961.0,sh510500,中证500ETF
2022-03-11,5.815,5.979,5.983,5.757,2991200.0,sh510500,中证500ETF
2022-03-14,5.919,5.812,5.984,5.811,3134721.0,sh510500,中证500ETF
2022-03-15,5.769,5.447,5.792,5.445,5690139.0,sh510500,中证500ETF
2022-03-16,5.542,5.652,5.684,5.315,6039003.0,sh510500,中证500ETF
2022-03-17,5.723,5.75,5.859,5.696,3481032.0,sh510500,中证500ETF
2022-03-18,5.723,5.813,5.821,5.708,2204025.0,sh510500,中证500ETF
2022-03-21,5.827,5.837,5.868,5.763,4219162.0,sh510500,中证500ETF
2022-03-22,5.825,5.839,5.893,5.793,1478598.0,sh510500,中证500ETF
2022-03-23,5.859,5.881,5.914,5.834,1220816.0,sh510500,中证500ETF
2022-03-24,5.846,5.833,5.874,5.805,1074599.0,sh510500,中证500ETF
2022-03-25,5.831,5.753,5.862,5.751,1126022.0,sh510500,中证500ETF
2022-03-28,5.72,5.774,5.818,5.671,1108251.0,sh510500,中证500ETF
2022-03-29,5.775,5.741,5.801,5.723,1258523.0,sh510500,中证500ETF
2022-03-30,5.762,5.874,5.878,5.762,2285417.0,sh510500,中证500ETF
2022-03-31,5.854,5.819,5.867,5.809,1345813.0,sh510500,中证500ETF
2022-04-01,5.771,5.862,5.872,5.771,1821422.0,sh510500,中证500ETF
2022-04-06,5.853,5.848,5.853,5.764,1287832.0,sh510500,中证500ETF
2022-04-07,5.826,5.707,5.851,5.705,1948883.0,sh510500,中证500ETF
2022-04-08,5.719,5.727,5.73,5.606,1418051.0,sh510500,中证500ETF
2022-04-11,5.688,5.532,5.705,5.504,1882350.0,sh510500,中证500ETF
2022-04-12,5.53,5.629,5.64,5.469,2478097.0,sh510500,中证500ETF
2022-04-13,5.6,5.542,5.625,5.539,1432487.0,sh510500,中证500ETF
2022-04-14,5.574,5.62,5.661,5.56,1472801.0,sh510500,中证500ETF
2022-04-15,5.593,5.566,5.626,5.544,1132248.0,sh510500,中证500ETF
2022-04-18,5.513,5.571,5.603,5.472,1599004.0,sh510500,中证500ETF
2022-04-19,5.57,5.591,5.606,5.551,1213723.0,sh510500,中证500ETF
2022-04-20,5.592,5.453,5.603,5.443,1286941.0,sh510500,中证500ETF
2022-04-21,5.443,5.273,5.466,5.25,2161862.0,sh510500,中证500ETF
2022-04-22,5.251,5.239,5.306,5.168,2373278.0,sh510500,中证500ETF
2022-04-25,5.152,4.871,5.162,4.865,3439457.0,sh510500,中证500ETF
2022-04-26,4.883,4.775,4.952,4.744,3479744.0,sh510500,中证500ETF
2022-04-27,4.773,4.949,4.952,4.684,4187703.0,sh510500,中证500ETF
2022-04-28,4.902,4.934,4.973,4.849,3433218.0,sh510500,中证500ETF
2022-04-29,4.948,5.152,5.153,4.945,3352142.0,sh510500,中证500ETF
2022-05-05,5.132,5.191,5.237,5.128,2288593.0,sh510500,中证500ETF
2022-05-06,5.076,5.066,5.135,5.05,3036722.0,sh510500,中证500ETF
2022-05-09,5.048,5.114,5.133,5.038,2504403.0,sh510500,中证500ETF
2022-05-10,5.05,5.207,5.216,5.017,1917798.0,sh510500,中证500ETF
2022-05-11,5.207,5.244,5.379,5.2,3697787.0,sh510500,中证500ETF
2022-05-12,5.227,5.248,5.297,5.196,1450568.0,sh510500,中证500ETF
2022-05-13,5.263,5.313,5.316,5.239,1407780.0,sh510500,中证500ETF
2022-05-16,5.351,5.296,5.369,5.271,1914540.0,sh510500,中证500ETF
2022-05-17,5.297,5.326,5.328,5.24,1352618.0,sh510500,中证500ETF
2022-05-18,5.324,5.307,5.36,5.292,1607922.0,sh510500,中证500ETF
2022-05-19,5.242,5.36,5.361,5.234,1877983.0,sh510500,中证500ETF
2022-05-20,5.37,5.449,5.454,5.357,1880095.0,sh510500,中证500ETF
2022-05-23,5.461,5.474,5.485,5.419,1374219.0,sh510500,中证500ETF
2022-05-24,5.464,5.274,5.475,5.269,2513978.0,sh510500,中证500ETF
2022-05-25,5.269,5.365,5.365,5.262,1808455.0,sh510500,中证500ETF
2022-05-26,5.358,5.431,5.453,5.288,1921296.0,sh510500,中证500ETF
2022-05-27,5.443,5.431,5.482,5.377,1333252.0,sh510500,中证500ETF
2022-05-30,5.443,5.462,5.464,5.386,950528.0,sh510500,中证500ETF
2022-05-31,5.453,5.554,5.57,5.421,2541741.0,sh510500,中证500ETF
2022-06-01,5.544,5.548,5.572,5.492,1415657.0,sh510500,中证500ETF
2022-06-02,5.537,5.619,5.628,5.515,1507365.0,sh510500,中证500ETF
2022-06-06,5.604,5.715,5.737,5.604,2422504.0,sh510500,中证500ETF
2022-06-07,5.713,5.711,5.73,5.679,1592199.0,sh510500,中证500ETF
2022-06-08,5.712,5.754,5.771,5.652,1698308.0,sh510500,中证500ETF
2022-06-09,5.74,5.68,5.757,5.619,1508090.0,sh510500,中证500ETF
2022-06-10,5.642,5.791,5.8,5.642,2181456.0,sh510500,中证500ETF
2022-06-13,5.757,5.772,5.797,5.711,1702158.0,sh510500,中证500ETF
2022-06-14,5.724,5.835,5.84,5.609,2582859.0,sh510500,中证500ETF
2022-06-15,5.832,5.809,5.958,5.801,2147597.0,sh510500,中证500ETF
2022-06-16,5.823,5.819,5.893,5.801,2022533.0,sh510500,中证500ETF
2022-06-17,5.791,5.878,5.893,5.729,2289539.0,sh510500,中证500ETF
2022-06-20,5.878,5.878,5.921,5.822,1786922.0,sh510500,中证500ETF
2022-06-21,5.872,5.833,5.895,5.782,1494129.0,sh510500,中证500ETF
2022-06-22,5.827,5.736,5.847,5.729,1966173.0,sh510500,中证500ETF
2022-06-23,5.736,5.871,5.877,5.713,1981573.0,sh510500,中证500ETF
2022-06-24,5.88,5.943,5.956,5.867,1789113.0,sh510500,中证500ETF
2022-06-27,5.954,5.97,6.024,5.954,1997586.0,sh510500,中证500ETF
2022-06-28,5.969,6.077,6.089,5.958,1298368.0,sh510500,中证500ETF
2022-06-29,6.061,5.975,6.078,5.948,1805422.0,sh510500,中证500ETF
2022-06-30,5.967,6.025,6.066,5.963,2061204.0,sh510500,中证500ETF
2022-07-01,6.011,6.013,6.058,5.998,1323419.0,sh510500,中证500ETF
2022-07-04,6.011,6.091,6.094,5.968,2688207.0,sh510500,中证500ETF
2022-07-05,6.101,6.082,6.122,6.003,2240732.0,sh510500,中证500ETF
2022-07-06,6.058,5.998,6.074,5.939,1344476.0,sh510500,中证500ETF
2022-07-07,5.989,6.025,6.063,5.964,1633359.0,sh510500,中证500ETF
2022-07-08,6.05,5.987,6.065,5.984,1127554.0,sh510500,中证500ETF
2022-07-11,5.957,5.902,5.968,5.862,1118653.0,sh510500,中证500ETF
2022-07-12,5.895,5.826,5.934,5.819,1032621.0,sh510500,中证500ETF
2022-07-13,5.828,5.849,5.87,5.8,1854491.0,sh510500,中证500ETF
2022-07-14,5.84,5.893,5.927,5.833,1932384.0,sh510500,中证500ETF
2022-07-15,5.869,5.787,5.921,5.782,1173336.0,sh510500,中证500ETF
2022-07-18,5.792,5.901,5.919,5.792,1389897.0,sh510500,中证500ETF
2022-07-19,5.901,5.924,5.94,5.873,1391444.0,sh510500,中证500ETF
2022-07-20,5.954,6.005,6.021,5.946,1215665.0,sh510500,中证500ETF
2022-07-21,5.998,5.943,6.006,5.939,958345.0,sh510500,中证500ETF
2022-07-22,5.944,5.886,5.975,5.827,1942603.0,sh510500,中证500ETF
2022-07-25,5.88,5.824,5.911,5.801,1419844.0,sh510500,中证500ETF
2022-07-26,5.824,5.899,5.924,5.815,1164205.0,sh510500,中证500ETF
2022-07-27,5.888,5.926,5.944,5.875,742822.0,sh510500,中证500ETF
2022-07-28,5.949,5.943,6.004,5.929,1190576.0,sh510500,中证500ETF
2022-07-29,5.956,5.892,5.97,5.881,1121999.0,sh510500,中证500ETF
2022-08-01,5.882,5.946,5.95,5.846,793920.0,sh510500,中证500ETF
2022-08-02,5.899,5.788,5.906,5.695,2102009.0,sh510500,中证500ETF
2022-08-03,5.79,5.736,5.873,5.714,1383848.0,sh510500,中证500ETF
2022-08-04,5.771,5.757,5.779,5.677,1534762.0,sh510500,中证500ETF
2022-08-05,5.764,5.885,5.888,5.764,932406.0,sh510500,中证500ETF
2022-08-08,5.87,5.92,5.924,5.865,922800.0,sh510500,中证500ETF
2022-08-09,5.923,5.938,5.943,5.886,903893.0,sh510500,中证500ETF
2022-08-10,5.931,5.926,5.961,5.897,690192.0,sh510500,中证500ETF
2022-08-11,5.954,6.051,6.053,5.943,1170696.0,sh510500,中证500ETF
2022-08-12,6.046,6.039,6.072,6.031,852722.0,sh510500,中证500ETF
2022-08-15,6.017,6.048,6.078,6.003,1977573.0,sh510500,中证500ETF
2022-08-16,6.058,6.065,6.106,6.04,1097487.0,sh510500,中证500ETF
2022-08-17,6.067,6.107,6.118,6.031,1387339.0,sh510500,中证500ETF
2022-08-18,6.099,6.083,6.099,6.054,808473.0,sh510500,中证500ETF
2022-08-19,6.072,5.998,6.092,5.994,1193891.0,sh510500,中证500ETF
2022-08-22,5.991,6.078,6.087,5.963,887151.0,sh510500,中证500ETF
2022-08-23,6.072,6.08,6.084,6.037,1150083.0,sh510500,中证500ETF
2022-08-24,6.08,5.895,6.085,5.878,1578946.0,sh510500,中证500ETF
2022-08-25,5.894,5.929,5.932,5.845,1429686.0,sh510500,中证500ETF
2022-08-26,5.922,5.915,5.987,5.893,981831.0,sh510500,中证500ETF
2022-08-29,5.811,5.911,5.921,5.81,1980285.0,sh510500,中证500ETF
2022-08-30,5.911,5.902,5.921,5.854,1835350.0,sh510500,中证500ETF
2022-08-31,5.881,5.768,5.897,5.75,2340109.0,sh510500,中证500ETF
2022-09-01,5.761,5.746,5.818,5.724,980924.0,sh510500,中证500ETF
2022-09-02,5.731,5.757,5.791,5.729,1716786.0,sh510500,中证500ETF
2022-09-05,5.747,5.788,5.796,5.723,1603172.0,sh510500,中证500ETF
2022-09-06,5.791,5.894,5.899,5.791,1648440.0,sh510500,中证500ETF
2022-09-07,5.875,5.91,5.925,5.864,1036982.0,sh510500,中证500ETF
2022-09-08,5.916,5.888,5.919,5.881,1451574.0,sh510500,中证500ETF
2022-09-09,5.886,5.926,5.938,5.867,1625090.0,sh510500,中证500ETF
2022-09-13,5.942,5.91,5.962,5.896,1719159.0,sh510500,中证500ETF
2022-09-14,5.841,5.862,5.888,5.826,2004173.0,sh510500,中证500ETF
2022-09-15,5.875,5.719,5.889,5.672,1847025.0,sh510500,中证500ETF
2022-09-16,5.701,5.567,5.72,5.56,2057357.0,sh510500,中证500ETF
2022-09-19,5.561,5.53,5.572,5.488,1590733.0,sh510500,中证500ETF
2022-09-20,5.538,5.56,5.619,5.538,1447292.0,sh510500,中证500ETF
2022-09-21,5.541,5.59,5.613,5.487,1214695.0,sh510500,中证500ETF
2022-09-22,5.552,5.581,5.628,5.544,1409796.0,sh510500,中证500ETF
2022-09-23,5.569,5.51,5.594,5.445,2056784.0,sh510500,中证500ETF
2022-09-26,5.469,5.417,5.542,5.411,3397843.0,sh510500,中证500ETF
2022-09-27,5.425,5.526,5.536,5.424,2404239.0,sh510500,中证500ETF
2022-09-28,5.506,5.387,5.521,5.384,2039260.0,sh510500,中证500ETF
2022-09-29,5.421,5.402,5.477,5.358,2424138.0,sh510500,中证500ETF
2022-09-30,5.394,5.324,5.426,5.322,1563072.0,sh510500,中证500ETF
2022-10-10,5.332,5.258,5.38,5.236,1686062.0,sh510500,中证500ETF
2022-10-11,5.261,5.293,5.325,5.231,2682347.0,sh510500,中证500ETF
2022-10-12,5.294,5.429,5.436,5.202,3165166.0,sh510500,中证500ETF
2022-10-13,5.401,5.444,5.488,5.397,1620378.0,sh510500,中证500ETF
2022-10-14,5.501,5.592,5.62,5.477,2548665.0,sh510500,中证500ETF
2022-10-17,5.565,5.619,5.642,5.562,1604421.0,sh510500,中证500ETF
2022-10-18,5.646,5.646,5.685,5.603,1836065.0,sh510500,中证500ETF
2022-10-19,5.631,5.595,5.655,5.583,1306563.0,sh510500,中证500ETF
2022-10-20,5.574,5.575,5.663,5.492,2431984.0,sh510500,中证500ETF
2022-10-21,5.581,5.575,5.61,5.535,2041282.0,sh510500,中证500ETF
2022-10-24,5.571,5.524,5.691,5.471,2871119.0,sh510500,中证500ETF
2022-10-25,5.501,5.477,5.551,5.402,2620577.0,sh510500,中证500ETF
2022-10-26,5.491,5.598,5.642,5.484,2589924.0,sh510500,中证500ETF
2022-10-27,5.622,5.58,5.647,5.574,2116482.0,sh510500,中证500ETF
2022-10-28,5.554,5.39,5.563,5.365,2384385.0,sh510500,中证500ETF
2022-10-31,5.38,5.425,5.486,5.357,1960796.0,sh510500,中证500ETF
2022-11-01,5.435,5.57,5.576,5.401,3657775.0,sh510500,中证500ETF
2022-11-02,5.561,5.613,5.646,5.546,2564827.0,sh510500,中证500ETF
2022-11-03,5.578,5.616,5.636,5.572,2322176.0,sh510500,中证500ETF
2022-11-04,5.611,5.768,5.786,5.61,3368333.0,sh510500,中证500ETF
2022-11-07,5.765,5.752,5.79,5.715,2049034.0,sh510500,中证500ETF
2022-11-08,5.745,5.758,5.761,5.72,1765701.0,sh510500,中证500ETF
2022-11-09,5.766,5.741,5.807,5.734,1411868.0,sh510500,中证500ETF
2022-11-10,5.717,5.72,5.747,5.678,2004927.0,sh510500,中证500ETF
2022-11-11,5.881,5.756,5.89,5.748,4257227.0,sh510500,中证500ETF
2022-11-14,5.763,5.746,5.821,5.73,2591967.0,sh510500,中证500ETF
2022-11-15,5.751,5.852,5.861,5.738,2977302.0,sh510500,中证500ETF
2022-11-16,5.849,5.823,5.881,5.812,2080383.0,sh510500,中证500ETF
2022-11-17,5.803,5.836,5.839,5.772,3296446.0,sh510500,中证500ETF
2022-11-18,5.836,5.824,5.878,5.809,4650590.0,sh510500,中证500ETF
2022-11-21,5.776,5.817,5.826,5.745,4139889.0,sh510500,中证500ETF
2022-11-22,5.796,5.751,5.815,5.719,2674969.0,sh510500,中证500ETF
2022-11-23,5.712,5.74,5.766,5.667,4040029.0,sh510500,中证500ETF
2022-11-24,5.751,5.741,5.776,5.711,1993746.0,sh510500,中证500ETF
2022-11-25,5.721,5.709,5.739,5.675,2772368.0,sh510500,中证500ETF
2022-11-28,5.632,5.682,5.687,5.585,3588768.0,sh510500,中证500ETF
2022-11-29,5.698,5.782,5.806,5.697,3804857.0,sh510500,中证500ETF
2022-11-30,5.78,5.768,5.796,5.741,2050763.0,sh510500,中证500ETF
2022-12-01,5.851,5.801,5.859,5.797,2186418.0,sh510500,中证500ETF
2022-12-02,5.805,5.786,5.838,5.782,2050409.0,sh510500,中证500ETF
2022-12-05,5.827,5.829,5.844,5.797,3894765.0,sh510500,中证500ETF
2022-12-06,5.825,5.826,5.875,5.799,2050204.0,sh510500,中证500ETF
2022-12-07,5.818,5.818,5.866,5.8,2514859.0,sh510500,中证500ETF
2022-12-08,5.818,5.808,5.826,5.784,1798803.0,sh510500,中证500ETF
2022-12-09,5.801,5.817,5.841,5.773,1962367.0,sh510500,中证500ETF
2022-12-12,5.806,5.794,5.815,5.766,1951527.0,sh510500,中证500ETF
2022-12-13,5.792,5.76,5.795,5.747,2057601.0,sh510500,中证500ETF
2022-12-14,5.76,5.734,5.779,5.716,1971501.0,sh510500,中证500ETF
2022-12-15,5.729,5.733,5.747,5.709,1712487.0,sh510500,中证500ETF
2022-12-16,5.72,5.71,5.722,5.677,2661886.0,sh510500,中证500ETF
2022-12-19,5.705,5.581,5.717,5.553,6223910.0,sh510500,中证500ETF
2022-12-20,5.56,5.517,5.568,5.497,4281225.0,sh510500,中证500ETF
2022-12-21,5.521,5.487,5.531,5.448,2269947.0,sh510500,中证500ETF
2022-12-22,5.504,5.424,5.513,5.388,2269801.0,sh510500,中证500ETF
2022-12-23,5.394,5.402,5.444,5.37,4220081.0,sh510500,中证500ETF
2022-12-26,5.406,5.471,5.489,5.402,3830966.0,sh510500,中证500ETF
2022-12-27,5.495,5.511,5.516,5.457,3448078.0,sh510500,中证500ETF
2022-12-28,5.497,5.495,5.516,5.476,2282709.0,sh510500,中证500ETF
2022-12-29,5.48,5.492,5.533,5.463,2755572.0,sh510500,中证500ETF
2022-12-30,5.509,5.498,5.514,5.474,1562591.0,sh510500,中证500ETF
2023-01-03,5.483,5.581,5.601,5.461,2447005.0,sh510500,中证500ETF
2023-01-04,5.588,5.579,5.596,5.545,2633742.0,sh510500,中证500ETF
2023-01-05,5.596,5.638,5.653,5.579,2317750.0,sh510500,中证500ETF
2023-01-06,5.638,5.651,5.682,5.626,1992726.0,sh510500,中证500ETF
2023-01-09,5.659,5.663,5.702,5.659,2097014.0,sh510500,中证500ETF
2023-01-10,5.662,5.678,5.684,5.641,1515062.0,sh510500,中证500ETF
2023-01-11,5.678,5.65,5.7,5.636,2318965.0,sh510500,中证500ETF
2023-01-12,5.656,5.644,5.684,5.629,1701199.0,sh510500,中证500ETF
2023-01-13,5.653,5.695,5.697,5.644,2154552.0,sh510500,中证500ETF
2023-01-16,5.702,5.754,5.809,5.702,3909891.0,sh510500,中证500ETF
2023-01-17,5.771,5.762,5.777,5.748,3017421.0,sh510500,中证500ETF
2023-01-18,5.763,5.786,5.807,5.763,3612356.0,sh510500,中证500ETF
2023-01-19,5.778,5.843,5.848,5.762,3016229.0,sh510500,中证500ETF
2023-01-20,5.853,5.888,5.891,5.852,2778630.0,sh510500,中证500ETF
2023-01-30,5.961,5.909,5.993,5.903,4044467.0,sh510500,中证500ETF
2023-01-31,5.907,5.914,5.942,5.892,2636622.0,sh510500,中证500ETF
2023-02-01,5.929,5.986,5.995,5.918,4056549.0,sh510500,中证500ETF
2023-02-02,6.002,5.996,6.03,5.97,3382927.0,sh510500,中证500ETF
2023-02-03,5.981,5.968,5.985,5.897,2583037.0,sh510500,中证500ETF
2023-02-06,5.947,5.939,5.955,5.894,3046677.0,sh510500,中证500ETF
2023-02-07,5.942,5.942,5.951,5.895,5627540.0,sh510500,中证500ETF
2023-02-08,5.947,5.896,5.952,5.886,4671379.0,sh510500,中证500ETF
2023-02-09,5.891,5.987,5.993,5.879,3198432.0,sh510500,中证500ETF
2023-02-10,5.991,5.967,5.993,5.918,4713553.0,sh510500,中证500ETF
2023-02-13,5.949,6.005,6.013,5.949,5094383.0,sh510500,中证500ETF
2023-02-14,6.015,6.022,6.035,5.992,2323794.0,sh510500,中证500ETF
2023-02-15,6.021,6.01,6.04,5.988,2702558.0,sh510500,中证500ETF
2023-02-16,6.015,5.925,6.059,5.878,3099681.0,sh510500,中证500ETF
2023-02-17,5.921,5.871,5.941,5.856,2571349.0,sh510500,中证500ETF
2023-02-20,5.893,5.969,5.975,5.846,4922174.0,sh510500,中证500ETF
2023-02-21,5.986,6.006,6.024,5.963,1862749.0,sh510500,中证500ETF
2023-02-22,5.994,6.0,6.024,5.976,2993480.0,sh510500,中证500ETF
2023-02-23,6.001,5.989,6.019,5.949,3546647.0,sh510500,中证500ETF
2023-02-24,5.979,5.975,6.004,5.929,1968144.0,sh510500,中证500ETF
2023-02-27,5.952,5.942,5.972,5.909,2710886.0,sh510500,中证500ETF
2023-02-28,5.944,5.983,5.989,5.915,1689644.0,sh510500,中证500ETF
2023-03-01,5.981,6.022,6.043,5.967,1840663.0,sh510500,中证500ETF
2023-03-02,6.031,6.015,6.042,5.998,2156620.0,sh510500,中证500ETF
2023-03-03,6.019,6.012,6.029,5.968,3017922.0,sh510500,中证500ETF
2023-03-06,6.017,6.014,6.032,5.983,2651555.0,sh510500,中证500ETF
2023-03-07,6.011,5.914,6.018,5.912,2590024.0,sh510500,中证500ETF
2023-03-08,5.896,5.924,5.937,5.892,2622042.0,sh510500,中证500ETF
2023-03-09,5.929,5.917,5.933,5.883,2525910.0,sh510500,中证500ETF
2023-03-10,5.881,5.837,5.895,5.822,1703309.0,sh510500,中证500ETF
2023-03-13,5.831,5.872,5.877,5.808,1808494.0,sh510500,中证500ETF
2023-03-14,5.853,5.821,5.871,5.757,2010919.0,sh510500,中证500ETF
2023-03-15,5.85,5.853,5.885,5.841,1973022.0,sh510500,中证500ETF
2023-03-16,5.829,5.776,5.845,5.762,2520105.0,sh510500,中证500ETF
2023-03-17,5.813,5.812,5.871,5.792,4218304.0,sh510500,中证500ETF
2023-03-20,5.821,5.793,5.835,5.781,2045072.0,sh510500,中证500ETF
2023-03-21,5.81,5.858,5.861,5.807,3102533.0,sh510500,中证500ETF
2023-03-22,5.866,5.892,5.896,5.866,1527660.0,sh510500,中证500ETF
2023-03-23,5.886,5.927,5.928,5.879,1760043.0,sh510500,中证500ETF
2023-03-24,5.931,5.935,5.942,5.909,1456442.0,sh510500,中证500ETF
2023-03-27,5.934,5.932,5.942,5.891,1917047.0,sh510500,中证500ETF
2023-03-28,5.932,5.916,5.951,5.902,2382548.0,sh510500,中证500ETF
2023-03-29,5.926,5.89,5.93,5.875,2203848.0,sh510500,中证500ETF
2023-03-30,5.89,5.923,5.926,5.851,4198018.0,sh510500,中证500ETF
2023-03-31,5.923,5.97,5.975,5.916,3495350.0,sh510500,中证500ETF
2023-04-03,5.981,6.034,6.051,5.977,2803988.0,sh510500,中证500ETF
2023-04-04,6.04,6.038,6.043,6.007,1619826.0,sh510500,中证500ETF
2023-04-06,6.025,6.037,6.051,6.017,2454720.0,sh510500,中证500ETF
2023-04-07,6.037,6.086,6.098,6.033,1657223.0,sh510500,中证500ETF
2023-04-10,6.093,6.043,6.097,6.03,2962016.0,sh510500,中证500ETF
2023-04-11,6.041,6.042,6.058,6.018,3361130.0,sh510500,中证500ETF
2023-04-12,6.056,6.064,6.069,6.034,3577088.0,sh510500,中证500ETF
2023-04-13,6.059,6.036,6.072,6.028,2781556.0,sh510500,中证500ETF
2023-04-14,6.042,6.051,6.076,6.026,2530731.0,sh510500,中证500ETF
2023-04-17,6.036,6.083,6.087,6.035,1151249.0,sh510500,中证500ETF
2023-04-18,6.081,6.07,6.083,6.043,1984948.0,sh510500,中证500ETF
2023-04-19,6.066,6.04,6.08,6.029,1223617.0,sh510500,中证500ETF
2023-04-20,6.036,6.033,6.039,6.009,1459620.0,sh510500,中证500ETF
2023-04-21,6.033,5.88,6.033,5.861,2627984.0,sh510500,中证500ETF
2023-04-24,5.884,5.838,5.892,5.818,1969801.0,sh510500,中证500ETF
2023-04-25,5.833,5.744,5.852,5.674,2554903.0,sh510500,中证500ETF
2023-04-26,5.735,5.77,5.798,5.73,3053471.0,sh510500,中证500ETF
2023-04-27,5.768,5.796,5.826,5.756,2115923.0,sh510500,中证500ETF
2023-04-28,5.808,5.888,5.891,5.791,2111764.0,sh510500,中证500ETF
2023-05-04,5.871,5.889,5.89,5.861,1628460.0,sh510500,中证500ETF
2023-05-05,5.889,5.833,5.892,5.802,1694271.0,sh510500,中证500ETF
2023-05-08,5.834,5.872,5.895,5.83,1483337.0,sh510500,中证500ETF
2023-05-09,5.873,5.815,5.902,5.811,2581884.0,sh510500,中证500ETF
2023-05-10,5.813,5.804,5.844,5.781,1817316.0,sh510500,中证500ETF
2023-05-11,5.81,5.785,5.823,5.781,847531.0,sh510500,中证500ETF
2023-05-12,5.779,5.725,5.817,5.719,1463672.0,sh510500,中证500ETF
2023-05-15,5.72,5.793,5.802,5.681,1617161.0,sh510500,中证500ETF
2023-05-16,5.793,5.752,5.797,5.735,995946.0,sh510500,中证500ETF
2023-05-17,5.737,5.754,5.78,5.73,1538331.0,sh510500,中证500ETF
2023-05-18,5.765,5.764,5.79,5.734,1734112.0,sh510500,中证500ETF
2023-05-19,5.756,5.769,5.803,5.726,1729168.0,sh510500,中证500ETF
2023-05-22,5.768,5.76,5.788,5.727,1153644.0,sh510500,中证500ETF
2023-05-23,5.76,5.695,5.765,5.692,1387183.0,sh510500,中证500ETF
2023-05-24,5.691,5.649,5.71,5.642,2461380.0,sh510500,中证500ETF
2023-05-25,5.651,5.631,5.68,5.57,1954870.0,sh510500,中证500ETF
2023-05-26,5.633,5.684,5.699,5.597,1750330.0,sh510500,中证500ETF
2023-05-29,5.701,5.677,5.717,5.654,1917946.0,sh510500,中证500ETF
2023-05-30,5.674,5.71,5.718,5.615,2107215.0,sh510500,中证500ETF
2023-05-31,5.701,5.703,5.715,5.66,1713193.0,sh510500,中证500ETF
2023-06-01,5.705,5.713,5.755,5.671,2875100.0,sh510500,中证500ETF
2023-06-02,5.731,5.765,5.782,5.73,2435427.0,sh510500,中证500ETF
2023-06-05,5.756,5.752,5.766,5.737,1053204.0,sh510500,中证500ETF
2023-06-06,5.753,5.638,5.754,5.632,1499592.0,sh510500,中证500ETF
2023-06-07,5.642,5.642,5.676,5.631,1360410.0,sh510500,中证500ETF
2023-06-08,5.645,5.629,5.659,5.587,1923525.0,sh510500,中证500ETF
2023-06-09,5.641,5.68,5.691,5.63,2081675.0,sh510500,中证500ETF
2023-06-12,5.686,5.698,5.725,5.666,1874926.0,sh510500,中证500ETF
2023-06-13,5.698,5.716,5.724,5.689,1256949.0,sh510500,中证500ETF
2023-06-14,5.725,5.723,5.742,5.712,1195566.0,sh510500,中证500ETF
2023-06-15,5.731,5.777,5.791,5.727,1954461.0,sh510500,中证500ETF
2023-06-16,5.778,5.82,5.842,5.777,2065270.0,sh510500,中证500ETF
2023-06-19,5.831,5.812,5.836,5.806,1192619.0,sh510500,中证500ETF
2023-06-20,5.814,5.809,5.827,5.791,762272.0,sh510500,中证500ETF
2023-06-21,5.803,5.684,5.803,5.681,1667993.0,sh510500,中证500ETF
2023-06-26,5.655,5.583,5.67,5.571,3443232.0,sh510500,中证500ETF
2023-06-27,5.584,5.628,5.639,5.583,3172961.0,sh510500,中证500ETF
2023-06-28,5.624,5.642,5.644,5.547,2730213.0,sh510500,中证500ETF
2023-06-29,5.629,5.633,5.653,5.611,2215433.0,sh510500,中证500ETF
2023-06-30,5.622,5.706,5.717,5.622,1971456.0,sh510500,中证500ETF
2023-07-03,5.715,5.735,5.756,5.696,1662058.0,sh510500,中证500ETF
2023-07-04,5.73,5.749,5.752,5.728,1734127.0,sh510500,中证500ETF
2023-07-05,5.743,5.718,5.755,5.706,2322338.0,sh510500,中证500ETF
2023-07-06,5.711,5.683,5.746,5.678,1697691.0,sh510500,中证500ETF
2023-07-07,5.681,5.667,5.693,5.635,1136526.0,sh510500,中证500ETF
2023-07-10,5.689,5.688,5.712,5.659,1185252.0,sh510500,中证500ETF
2023-07-11,5.7,5.738,5.74,5.681,1031677.0,sh510500,中证500ETF
2023-07-12,5.74,5.677,5.745,5.669,940533.0,sh510500,中证500ETF
2023-07-13,5.7,5.761,5.765,5.7,1780132.0,sh510500,中证500ETF
2023-07-14,5.766,5.737,5.768,5.736,886348.0,sh510500,中证500ETF
2023-07-17,5.73,5.722,5.73,5.689,1921224.0,sh510500,中证500ETF
2023-07-18,5.722,5.713,5.739,5.689,1571550.0,sh510500,中证500ETF
2023-07-19,5.705,5.704,5.728,5.675,1204870.0,sh510500,中证500ETF
2023-07-20,5.716,5.638,5.731,5.633,2581532.0,sh510500,中证500ETF
2023-07-21,5.636,5.641,5.681,5.625,2574504.0,sh510500,中证500ETF
2023-07-24,5.611,5.631,5.672,5.611,1048382.0,sh510500,中证500ETF
2023-07-25,5.681,5.729,5.736,5.681,1852674.0,sh510500,中证500ETF
2023-07-26,5.728,5.718,5.734,5.698,1043384.0,sh510500,中证500ETF
2023-07-27,5.723,5.676,5.73,5.666,976425.0,sh510500,中证500ETF
2023-07-28,5.651,5.768,5.773,5.651,1759335.0,sh510500,中证500ETF
2023-07-31,5.777,5.807,5.864,5.775,2269487.0,sh510500,中证500ETF
2023-08-01,5.807,5.812,5.837,5.801,1705671.0,sh510500,中证500ETF
2023-08-02,5.808,5.79,5.831,5.771,1520788.0,sh510500,中证500ETF
2023-08-03,5.787,5.811,5.813,5.758,2343075.0,sh510500,中证500ETF
2023-08-04,5.841,5.852,5.891,5.824,2158315.0,sh510500,中证500ETF
2023-08-07,5.845,5.811,5.849,5.798,3807644.0,sh510500,中证500ETF
2023-08-08,5.801,5.79,5.81,5.767,2948608.0,sh510500,中证500ETF
2023-08-09,5.776,5.748,5.789,5.738,4221885.0,sh510500,中证500ETF
2023-08-10,5.748,5.746,5.764,5.721,2049476.0,sh510500,中证500ETF
2023-08-11,5.747,5.625,5.756,5.623,2912579.0,sh510500,中证500ETF
2023-08-14,5.581,5.632,5.643,5.555,2608458.0,sh510500,中证500ETF
2023-08-15,5.621,5.599,5.646,5.548,2284840.0,sh510500,中证500ETF
2023-08-16,5.577,5.556,5.606,5.554,2268833.0,sh510500,中证500ETF
2023-08-17,5.533,5.592,5.605,5.5,3143180.0,sh510500,中证500ETF
2023-08-18,5.586,5.499,5.611,5.497,3160704.0,sh510500,中证500ETF
2023-08-21,5.482,5.422,5.525,5.42,3261363.0,sh510500,中证500ETF
2023-08-22,5.441,5.449,5.466,5.361,3272933.0,sh510500,中证500ETF
2023-08-23,5.445,5.349,5.445,5.339,2997125.0,sh510500,中证500ETF
2023-08-24,5.353,5.365,5.42,5.338,2526762.0,sh510500,中证500ETF
2023-08-25,5.345,5.297,5.37,5.269,2740769.0,sh510500,中证500ETF
2023-08-28,5.6,5.36,5.6,5.339,5159482.0,sh510500,中证500ETF
2023-08-29,5.353,5.485,5.515,5.35,11823844.0,sh510500,中证500ETF
2023-08-30,5.485,5.486,5.534,5.463,3112849.0,sh510500,中证500ETF
2023-08-31,5.48,5.457,5.497,5.439,2234044.0,sh510500,中证500ETF
2023-09-01,5.47,5.463,5.494,5.446,2223553.0,sh510500,中证500ETF
2023-09-04,5.492,5.547,5.551,5.469,3100547.0,sh510500,中证500ETF
2023-09-05,5.538,5.504,5.541,5.493,3289476.0,sh510500,中证500ETF
2023-09-06,5.487,5.502,5.525,5.459,2302641.0,sh510500,中证500ETF
2023-09-07,5.502,5.42,5.502,5.413,3505516.0,sh510500,中证500ETF
2023-09-08,5.406,5.418,5.444,5.397,3276450.0,sh510500,中证500ETF
2023-09-11,5.425,5.485,5.521,5.413,3463820.0,sh510500,中证500ETF
2023-09-12,5.485,5.487,5.506,5.474,2494673.0,sh510500,中证500ETF
2023-09-13,5.486,5.428,5.486,5.394,3293239.0,sh510500,中证500ETF
2023-09-14,5.424,5.423,5.43,5.39,2596902.0,sh510500,中证500ETF
2023-09-15,5.432,5.424,5.463,5.393,2642641.0,sh510500,中证500ETF
2023-09-18,5.411,5.436,5.457,5.383,5749228.0,sh510500,中证500ETF
2023-09-19,5.428,5.411,5.435,5.387,2398793.0,sh510500,中证500ETF
2023-09-20,5.393,5.37,5.409,5.369,3142782.0,sh510500,中证500ETF
2023-09-21,5.357,5.324,5.386,5.321,2832889.0,sh510500,中证500ETF
2023-09-22,5.314,5.422,5.424,5.314,3769646.0,sh510500,中证500ETF
2023-09-25,5.411,5.389,5.418,5.372,3442787.0,sh510500,中证500ETF
2023-09-26,5.383,5.37,5.399,5.368,2136131.0,sh510500,中证500ETF
2023-09-27,5.369,5.395,5.423,5.366,4318303.0,sh510500,中证500ETF
2023-09-28,5.401,5.403,5.419,5.394,2603361.0,sh510500,中证500ETF
2023-10-09,5.401,5.371,5.403,5.342,2076411.0,sh510500,中证500ETF
2023-10-10,5.377,5.343,5.403,5.338,1216876.0,sh510500,中证500ETF
2023-10-11,5.366,5.338,5.394,5.326,3552735.0,sh510500,中证500ETF
2023-10-12,5.367,5.381,5.39,5.352,2236991.0,sh510500,中证500ETF
2023-10-13,5.357,5.351,5.357,5.334,1700873.0,sh510500,中证500ETF
2023-10-16,5.351,5.294,5.353,5.272,1941047.0,sh510500,中证500ETF
2023-10-17,5.301,5.305,5.306,5.268,1987758.0,sh510500,中证500ETF
2023-10-18,5.295,5.237,5.296,5.227,1958355.0,sh510500,中证500ETF
2023-10-19,5.216,5.172,5.244,5.16,2577569.0,sh510500,中证500ETF
2023-10-20,5.152,5.134,5.182,5.115,2439789.0,sh510500,中证500ETF
2023-10-23,5.12,4.987,5.124,4.968,5057113.0,sh510500,中证500ETF
2023-10-24,5.006,5.051,5.066,4.988,6136680.0,sh510500,中证500ETF
2023-10-25,5.093,5.078,5.128,5.077,3159519.0,sh510500,中证500ETF
2023-10-26,5.057,5.102,5.117,5.041,2205799.0,sh510500,中证500ETF
2023-10-27,5.081,5.206,5.225,5.079,4017352.0,sh510500,中证500ETF
2023-10-30,5.186,5.251,5.271,5.181,2907634.0,sh510500,中证500ETF
2023-10-31,5.249,5.238,5.26,5.212,2122998.0,sh510500,中证500ETF
2023-11-01,5.264,5.226,5.264,5.202,1217109.0,sh510500,中证500ETF
2023-11-02,5.231,5.175,5.249,5.17,1449002.0,sh510500,中证500ETF
2023-11-03,5.176,5.216,5.253,5.175,3517712.0,sh510500,中证500ETF
2023-11-06,5.251,5.311,5.318,5.251,4049054.0,sh510500,中证500ETF
2023-11-07,5.298,5.32,5.344,5.288,1991878.0,sh510500,中证500ETF
2023-11-08,5.311,5.316,5.344,5.289,2098415.0,sh510500,中证500ETF
2023-11-09,5.311,5.304,5.354,5.291,2117940.0,sh510500,中证500ETF
2023-11-10,5.291,5.284,5.292,5.258,2025189.0,sh510500,中证500ETF
2023-11-13,5.291,5.315,5.318,5.269,2261440.0,sh510500,中证500ETF
2023-11-14,5.315,5.339,5.351,5.306,2404463.0,sh510500,中证500ETF
2023-11-15,5.384,5.376,5.402,5.358,2185429.0,sh510500,中证500ETF
2023-11-16,5.363,5.318,5.366,5.316,1720441.0,sh510500,中证500ETF
2023-11-17,5.3,5.337,5.339,5.298,2069163.0,sh510500,中证500ETF
2023-11-20,5.34,5.369,5.383,5.313,2146588.0,sh510500,中证500ETF
2023-11-21,5.38,5.352,5.41,5.34,1705743.0,sh510500,中证500ETF
2023-11-22,5.333,5.279,5.354,5.277,2521135.0,sh510500,中证500ETF
2023-11-23,5.272,5.33,5.34,5.251,2265192.0,sh510500,中证500ETF
2023-11-24,5.331,5.284,5.331,5.263,3364456.0,sh510500,中证500ETF
2023-11-27,5.269,5.27,5.29,5.233,1744352.0,sh510500,中证500ETF
2023-11-28,5.267,5.296,5.306,5.229,1780458.0,sh510500,中证500ETF
2023-11-29,5.291,5.267,5.3,5.251,1229943.0,sh510500,中证500ETF
2023-11-30,5.266,5.248,5.268,5.211,1670089.0,sh510500,中证500ETF
2023-12-01,5.242,5.275,5.288,5.224,1487487.0,sh510500,中证500ETF
2023-12-04,5.278,5.263,5.299,5.262,1565727.0,sh510500,中证500ETF
2023-12-05,5.251,5.176,5.251,5.172,1815608.0,sh510500,中证500ETF
2023-12-06,5.169,5.188,5.225,5.153,1904332.0,sh510500,中证500ETF
2023-12-07,5.179,5.193,5.213,5.144,2578998.0,sh510500,中证500ETF
2023-12-08,5.191,5.205,5.231,5.188,2500441.0,sh510500,中证500ETF
2023-12-11,5.18,5.267,5.288,5.142,4031145.0,sh510500,中证500ETF
2023-12-12,5.261,5.277,5.282,5.25,1814817.0,sh510500,中证500ETF
2023-12-13,5.268,5.218,5.268,5.21,2125359.0,sh510500,中证500ETF
2023-12-14,5.237,5.199,5.269,5.188,2818727.0,sh510500,中证500ETF
2023-12-15,5.211,5.155,5.227,5.138,3470472.0,sh510500,中证500ETF
2023-12-18,5.131,5.094,5.156,5.084,1884010.0,sh510500,中证500ETF
2023-12-19,5.094,5.085,5.116,5.052,2373215.0,sh510500,中证500ETF
2023-12-20,5.093,5.023,5.097,5.017,1933870.0,sh510500,中证500ETF
2023-12-21,5.001,5.037,5.062,4.96,3253046.0,sh510500,中证500ETF
2023-12-22,5.032,5.021,5.072,4.994,3356885.0,sh510500,中证500ETF
2023-12-25,5.019,5.014,5.048,4.989,3139644.0,sh510500,中证500ETF
2023-12-26,5.011,4.967,5.013,4.941,2543510.0,sh510500,中证500ETF
2023-12-27,4.97,4.983,4.998,4.932,2568572.0,sh510500,中证500ETF
2023-12-28,4.982,5.086,5.104,4.972,3487194.0,sh510500,中证500ETF
2023-12-29,5.089,5.13,5.146,5.082,2713357.0,sh510500,中证500ETF
2024-01-02,5.135,5.108,5.141,5.103,3092572.0,sh510500,中证500ETF
2024-01-03,5.101,5.101,5.128,5.072,2255497.0,sh510500,中证500ETF
2024-01-04,5.102,5.057,5.106,5.028,2747555.0,sh510500,中证500ETF
2024-01-05,5.049,4.987,5.074,4.967,2031987.0,sh510500,中证500ETF
2024-01-08,4.972,4.861,4.975,4.859,2922712.0,sh510500,中证500ETF
2024-01-09,4.863,4.873,4.92,4.849,2220795.0,sh510500,中证500ETF
2024-01-10,4.855,4.86,4.914,4.811,2096542.0,sh510500,中证500ETF
2024-01-11,4.851,4.923,4.946,4.846,2695309.0,sh510500,中证500ETF
2024-01-12,4.906,4.903,4.969,4.9,2377712.0,sh510500,中证500ETF
2024-01-15,4.886,4.89,4.944,4.865,1577415.0,sh510500,中证500ETF
2024-01-16,4.877,4.885,4.908,4.821,2390412.0,sh510500,中证500ETF
2024-01-17,4.865,4.752,4.873,4.749,1981661.0,sh510500,中证500ETF
2024-01-18,4.747,4.757,4.764,4.613,4760788.0,sh510500,中证500ETF
2024-01-19,4.73,4.717,4.773,4.706,3196218.0,sh510500,中证500ETF
2024-01-22,4.699,4.481,4.706,4.431,3745535.0,sh510500,中证500ETF
2024-01-23,4.455,4.559,4.582,4.412,3309903.0,sh510500,中证500ETF
2024-01-24,4.562,4.629,4.637,4.45,3446637.0,sh510500,中证500ETF
2024-01-25,4.629,4.777,4.78,4.587,3445700.0,sh510500,中证500ETF
2024-01-26,4.756,4.72,4.779,4.702,2914766.0,sh510500,中证500ETF
2024-01-29,4.726,4.624,4.746,4.623,1966042.0,sh510500,中证500ETF
2024-01-30,4.604,4.522,4.638,4.499,1885736.0,sh510500,中证500ETF
2024-01-31,4.511,4.394,4.529,4.387,3470484.0,sh510500,中证500ETF
2024-02-01,4.367,4.376,4.467,4.32,3482025.0,sh510500,中证500ETF
2024-02-02,4.375,4.248,4.422,4.115,3845023.0,sh510500,中证500ETF
2024-02-05,4.231,4.146,4.291,3.962,35130238.0,sh510500,中证500ETF
2024-02-06,4.094,4.524,4.541,4.076,10280444.0,sh510500,中证500ETF
2024-02-07,4.552,4.836,4.846,4.514,13240326.0,sh510500,中证500ETF
2024-02-08,4.908,4.86,5.086,4.826,16205182.0,sh510500,中证500ETF
2024-02-19,4.911,4.826,4.911,4.756,15512755.0,sh510500,中证500ETF
2024-02-20,4.797,4.826,4.839,4.76,4763525.0,sh510500,中证500ETF
2024-02-21,4.792,4.823,4.951,4.776,6000901.0,sh510500,中证500ETF
2024-02-22,4.823,4.868,4.881,4.806,2948423.0,sh510500,中证500ETF
2024-02-23,4.87,4.892,4.894,4.805,3225140.0,sh510500,中证500ETF
2024-02-26,4.881,4.882,4.952,4.852,3868468.0,sh510500,中证500ETF
2024-02-27,4.871,5.009,5.011,4.856,3670872.0,sh510500,中证500ETF
2024-02-28,5.01,4.87,5.083,4.868,4803429.0,sh510500,中证500ETF
2024-02-29,4.852,5.042,5.055,4.852,6347472.0,sh510500,中证500ETF
2024-03-01,5.034,5.078,5.089,5.017,3341373.0,sh510500,中证500ETF
2024-03-04,5.072,5.076,5.096,5.014,4340663.0,sh510500,中证500ETF
2024-03-05,5.045,5.049,5.086,5.03,14374634.0,sh510500,中证500ETF
2024-03-06,5.041,5.044,5.107,4.993,3197713.0,sh510500,中证500ETF
2024-03-07,5.043,4.974,5.085,4.968,2502329.0,sh510500,中证500ETF
2024-03-08,4.981,5.045,5.064,4.964,3050536.0,sh510500,中证500ETF
2024-03-11,5.043,5.147,5.15,5.034,3991841.0,sh510500,中证500ETF
2024-03-12,5.146,5.116,5.175,5.079,4177689.0,sh510500,中证500ETF
2024-03-13,5.117,5.108,5.16,5.081,3468047.0,sh510500,中证500ETF
2024-03-14,5.099,5.085,5.142,5.044,3181945.0,sh510500,中证500ETF
2024-03-15,5.074,5.16,5.161,5.048,5115451.0,sh510500,中证500ETF
2024-03-18,5.163,5.231,5.235,5.152,3232054.0,sh510500,中证500ETF
2024-03-19,5.221,5.172,5.226,5.168,2756072.0,sh510500,中证500ETF
2024-03-20,5.173,5.186,5.202,5.154,1883091.0,sh510500,中证500ETF
2024-03-21,5.199,5.159,5.21,5.148,2434399.0,sh510500,中证500ETF
2024-03-22,5.158,5.076,5.159,5.048,2469633.0,sh510500,中证500ETF
2024-03-25,5.07,4.995,5.096,4.985,2705562.0,sh510500,中证500ETF
2024-03-26,4.997,4.971,5.019,4.936,4751668.0,sh510500,中证500ETF
2024-03-27,4.969,4.847,4.969,4.844,3402235.0,sh510500,中证500ETF
2024-03-28,4.85,4.914,4.972,4.85,3555236.0,sh510500,中证500ETF
2024-03-29,4.906,4.982,4.986,4.899,3831434.0,sh510500,中证500ETF
2024-04-01,4.998,5.095,5.104,4.997,4064103.0,sh510500,中证500ETF
2024-04-02,5.094,5.073,5.1,5.042,3321813.0,sh510500,中证500ETF
2024-04-03,5.067,5.07,5.077,5.039,3977985.0,sh510500,中证500ETF
2024-04-08,5.061,4.99,5.076,4.986,3293272.0,sh510500,中证500ETF
2024-04-09,4.985,5.035,5.037,4.98,1786721.0,sh510500,中证500ETF
2024-04-10,5.032,4.972,5.032,4.931,1975754.0,sh510500,中证500ETF
2024-04-11,4.947,4.997,5.052,4.936,3038010.0,sh510500,中证500ETF
2024-04-12,4.997,4.968,5.036,4.958,3122913.0,sh510500,中证500ETF
2024-04-15,4.961,5.039,5.075,4.914,3151158.0,sh510500,中证500ETF
2024-04-16,5.007,4.891,5.04,4.874,3905146.0,sh510500,中证500ETF
2024-04-17,4.899,5.032,5.035,4.899,3833425.0,sh510500,中证500ETF
2024-04-18,5.021,5.042,5.111,4.988,3403176.0,sh510500,中证500ETF
2024-04-19,5.024,5.005,5.062,4.981,3573340.0,sh510500,中证500ETF
2024-04-22,4.997,4.96,5.041,4.951,1958489.0,sh510500,中证500ETF
2024-04-23,4.959,4.898,4.985,4.887,1890163.0,sh510500,中证500ETF
2024-04-24,4.907,4.96,4.961,4.871,1771454.0,sh510500,中证500ETF
2024-04-25,4.941,4.952,4.996,4.921,1926664.0,sh510500,中证500ETF
2024-04-26,4.958,5.072,5.086,4.957,7970795.0,sh510500,中证500ETF
2024-04-29,5.08,5.178,5.197,5.076,5666415.0,sh510500,中证500ETF
2024-04-30,5.176,5.14,5.186,5.137,2767038.0,sh510500,中证500ETF
2024-05-06,5.211,5.225,5.241,5.2,5129670.0,sh510500,中证500ETF
2024-05-07,5.221,5.224,5.242,5.204,2289327.0,sh510500,中证500ETF
2024-05-08,5.221,5.153,5.221,5.149,3975570.0,sh510500,中证500ETF
2024-05-09,5.15,5.254,5.274,5.15,2970079.0,sh510500,中证500ETF
2024-05-10,5.258,5.234,5.277,5.193,5121579.0,sh510500,中证500ETF
2024-05-13,5.197,5.205,5.231,5.159,3272228.0,sh510500,中证500ETF
2024-05-14,5.204,5.199,5.247,5.181,2687404.0,sh510500,中证500ETF
2024-05-15,5.199,5.15,5.199,5.138,2731969.0,sh510500,中证500ETF
2024-05-16,5.166,5.124,5.188,5.106,2383653.0,sh510500,中证500ETF
2024-05-17,5.137,5.202,5.205,5.118,5151667.0,sh510500,中证500ETF
2024-05-20,5.205,5.222,5.246,5.19,5322736.0,sh510500,中证500ETF
2024-05-21,5.204,5.182,5.216,5.162,2808569.0,sh510500,中证500ETF
2024-05-22,5.177,5.176,5.191,5.159,2296000.0,sh510500,中证500ETF
2024-05-23,5.163,5.081,5.163,5.06,3992422.0,sh510500,中证500ETF
2024-05-24,5.059,5.029,5.115,5.022,2092201.0,sh510500,中证500ETF
2024-05-27,5.043,5.081,5.085,4.992,2425547.0,sh510500,中证500ETF
2024-05-28,5.075,5.034,5.077,5.022,2146284.0,sh510500,中证500ETF
2024-05-29,5.028,5.045,5.084,5.023,3143561.0,sh510500,中证500ETF
2024-05-30,5.045,5.034,5.073,5.016,2025748.0,sh510500,中证500ETF
2024-05-31,5.045,5.033,5.084,5.03,3021095.0,sh510500,中证500ETF
2024-06-03,5.027,4.992,5.041,4.951,2973093.0,sh510500,中证500ETF
2024-06-04,4.987,5.063,5.08,4.971,2318048.0,sh510500,中证500ETF
2024-06-05,5.063,5.005,5.071,5.002,1862866.0,sh510500,中证500ETF
2024-06-06,5.022,4.967,5.038,4.942,2534543.0,sh510500,中证500ETF
2024-06-07,4.989,4.942,5.002,4.91,2743246.0,sh510500,中证500ETF
2024-06-11,4.925,4.954,4.973,4.897,1877216.0,sh510500,中证500ETF
2024-06-12,4.943,4.969,4.986,4.941,1893932.0,sh510500,中证500ETF
2024-06-13,4.977,4.942,4.981,4.927,1952078.0,sh510500,中证500ETF
2024-06-14,4.933,4.967,4.988,4.912,3141984.0,sh510500,中证500ETF
2024-06-17,4.945,4.949,4.971,4.937,1440541.0,sh510500,中证500ETF
2024-06-18,4.953,4.976,4.994,4.953,2480729.0,sh510500,中证500ETF
2024-06-19,4.985,4.922,4.99,4.916,1973026.0,sh510500,中证500ETF
2024-06-20,4.917,4.844,4.933,4.839,1739755.0,sh510500,中证500ETF
2024-06-21,4.837,4.853,4.879,4.827,2661721.0,sh510500,中证500ETF
2024-06-24,4.838,4.745,4.838,4.734,8320736.0,sh510500,中证500ETF
2024-06-25,4.748,4.701,4.763,4.662,5414475.0,sh510500,中证500ETF
2024-06-26,4.69,4.77,4.78,4.668,3800469.0,sh510500,中证500ETF
2024-06-27,4.751,4.686,4.757,4.682,6434058.0,sh510500,中证500ETF
2024-06-28,4.676,4.694,4.763,4.67,4148317.0,sh510500,中证500ETF
2024-07-01,4.694,4.753,4.776,4.679,3095527.0,sh510500,中证500ETF
2024-07-02,4.75,4.707,4.755,4.688,1998284.0,sh510500,中证500ETF
2024-07-03,4.701,4.664,4.712,4.658,1875123.0,sh510500,中证500ETF
2024-07-04,4.678,4.593,4.687,4.584,5107613.0,sh510500,中证500ETF
2024-07-05,4.588,4.628,4.639,4.557,2084542.0,sh510500,中证500ETF
2024-07-08,4.613,4.546,4.617,4.529,2343628.0,sh510500,中证500ETF
2024-07-09,4.538,4.634,4.655,4.511,3407766.0,sh510500,中证500ETF
2024-07-10,4.624,4.606,4.655,4.604,1895942.0,sh510500,中证500ETF
2024-07-11,4.662,4.705,4.713,4.632,2851786.0,sh510500,中证500ETF
2024-07-12,4.697,4.683,4.705,4.671,1508868.0,sh510500,中证500ETF
2024-07-15,4.668,4.647,4.676,4.638,4545598.0,sh510500,中证500ETF
2024-07-16,4.637,4.664,4.68,4.62,2187526.0,sh510500,中证500ETF
2024-07-17,4.66,4.629,4.671,4.624,6147727.0,sh510500,中证500ETF
2024-07-18,4.615,4.652,4.654,4.564,4745455.0,sh510500,中证500ETF
2024-07-19,4.626,4.644,4.676,4.612,6176636.0,sh510500,中证500ETF
2024-07-22,4.646,4.632,4.663,4.603,3043014.0,sh510500,中证500ETF
2024-07-23,4.629,4.492,4.65,4.49,2442099.0,sh510500,中证500ETF
2024-07-24,4.486,4.435,4.507,4.428,3252320.0,sh510500,中证500ETF
2024-07-25,4.422,4.429,4.481,4.406,2660303.0,sh510500,中证500ETF
2024-07-26,4.431,4.504,4.518,4.43,2415192.0,sh510500,中证500ETF
2024-07-29,4.499,4.474,4.511,4.471,1469911.0,sh510500,中证500ETF
2024-07-30,4.465,4.47,4.487,4.416,2338607.0,sh510500,中证500ETF
2024-07-31,4.47,4.673,4.675,4.455,5569471.0,sh510500,中证500ETF
2024-08-01,4.673,4.628,4.71,4.604,3504122.0,sh510500,中证500ETF
2024-08-02,4.592,4.562,4.653,4.552,2235956.0,sh510500,中证500ETF
2024-08-05,4.538,4.468,4.624,4.461,4152751.0,sh510500,中证500ETF
2024-08-06,4.517,4.519,4.55,4.464,2616120.0,sh510500,中证500ETF
2024-08-07,4.516,4.521,4.56,4.486,2391677.0,sh510500,中证500ETF
2024-08-08,4.509,4.531,4.57,4.473,2327848.0,sh510500,中证500ETF
2024-08-09,4.556,4.49,4.582,4.487,2167099.0,sh510500,中证500ETF
2024-08-12,4.488,4.492,4.514,4.465,2027173.0,sh510500,中证500ETF
2024-08-13,4.492,4.502,4.507,4.449,1900885.0,sh510500,中证500ETF
2024-08-14,4.504,4.435,4.504,4.433,2162187.0,sh510500,中证500ETF
2024-08-15,4.422,4.472,4.524,4.418,5371351.0,sh510500,中证500ETF
2024-08-16,4.47,4.444,4.484,4.438,7930053.0,sh510500,中证500ETF
2024-08-19,4.439,4.452,4.508,4.437,2759482.0,sh510500,中证500ETF
2024-08-20,4.46,4.37,4.46,4.356,3508603.0,sh510500,中证500ETF
2024-08-21,4.365,4.361,4.381,4.355,1320021.0,sh510500,中证500ETF
2024-08-22,4.363,4.305,4.371,4.296,4023252.0,sh510500,中证500ETF
2024-08-23,4.301,4.306,4.324,4.288,1584263.0,sh510500,中证500ETF
2024-08-26,4.31,4.311,4.333,4.294,1009724.0,sh510500,中证500ETF
2024-08-27,4.295,4.265,4.303,4.262,2339918.0,sh510500,中证500ETF
2024-08-28,4.264,4.266,4.303,4.253,2723424.0,sh510500,中证500ETF
2024-08-29,4.254,4.33,4.353,4.246,4365292.0,sh510500,中证500ETF
2024-08-30,4.326,4.41,4.485,4.322,6989480.0,sh510500,中证500ETF
2024-09-02,4.398,4.315,4.407,4.313,4362037.0,sh510500,中证500ETF
2024-09-03,4.314,4.364,4.388,4.313,2944586.0,sh510500,中证500ETF
2024-09-04,4.338,4.352,4.398,4.32,2212121.0,sh510500,中证500ETF
2024-09-05,4.378,4.373,4.406,4.353,1695282.0,sh510500,中证500ETF
2024-09-06,4.388,4.309,4.391,4.302,2268192.0,sh510500,中证500ETF
2024-09-09,4.298,4.276,4.318,4.259,1803374.0,sh510500,中证500ETF
2024-09-10,4.285,4.274,4.301,4.198,2775346.0,sh510500,中证500ETF
2024-09-11,4.254,4.286,4.302,4.247,1792621.0,sh510500,中证500ETF
2024-09-12,4.294,4.268,4.343,4.264,2424416.0,sh510500,中证500ETF
2024-09-13,4.272,4.22,4.281,4.218,1858175.0,sh510500,中证500ETF
2024-09-18,4.225,4.235,4.248,4.161,2100924.0,sh510500,中证500ETF
2024-09-19,4.244,4.298,4.342,4.204,4296814.0,sh510500,中证500ETF
2024-09-20,4.283,4.266,4.288,4.24,2651260.0,sh510500,中证500ETF
2024-09-23,4.257,4.265,4.321,4.248,2503894.0,sh510500,中证500ETF
2024-09-24,4.318,4.477,4.478,4.277,8622586.0,sh510500,中证500ETF
2024-09-25,4.548,4.511,4.627,4.499,7069312.0,sh510500,中证500ETF
2024-09-26,4.493,4.759,4.765,4.492,11789570.0,sh510500,中证500ETF
2024-09-27,4.841,5.191,5.264,4.803,6199223.0,sh510500,中证500ETF
2024-09-30,5.487,5.693,5.74,5.199,19862373.0,sh510500,中证500ETF
2024-10-08,6.293,5.944,6.293,5.694,25698267.0,sh510500,中证500ETF
2024-10-09,5.739,5.561,5.882,5.469,13624744.0,sh510500,中证500ETF
2024-10-10,5.568,5.487,5.685,5.397,7292272.0,sh510500,中证500ETF
2024-10-11,5.43,5.254,5.45,5.183,7865974.0,sh510500,中证500ETF
2024-10-14,5.268,5.391,5.415,5.189,7598652.0,sh510500,中证500ETF
2024-10-15,5.353,5.249,5.448,5.238,7531380.0,sh510500,中证500ETF
2024-10-16,5.195,5.244,5.342,5.185,5724795.0,sh510500,中证500ETF
2024-10-17,5.274,5.2,5.331,5.198,6486966.0,sh510500,中证500ETF
2024-10-18,5.203,5.435,5.629,5.195,11392536.0,sh510500,中证500ETF
2024-10-21,5.459,5.491,5.589,5.416,6958180.0,sh510500,中证500ETF
2024-10-22,5.478,5.544,5.567,5.457,4319804.0,sh510500,中证500ETF
2024-10-23,5.544,5.567,5.654,5.517,4872250.0,sh510500,中证500ETF
2024-10-24,5.536,5.516,5.55,5.481,3521886.0,sh510500,中证500ETF
2024-10-25,5.526,5.605,5.643,5.519,3873432.0,sh510500,中证500ETF
2024-10-28,5.598,5.673,5.676,5.574,5321029.0,sh510500,中证500ETF
2024-10-29,5.688,5.614,5.711,5.594,6047604.0,sh510500,中证500ETF
2024-10-30,5.597,5.632,5.665,5.564,6930217.0,sh510500,中证500ETF
2024-10-31,5.624,5.698,5.743,5.6,6242413.0,sh510500,中证500ETF
2024-11-01,5.689,5.644,5.725,5.594,3911259.0,sh510500,中证500ETF
2024-11-04,5.644,5.731,5.733,5.64,2684838.0,sh510500,中证500ETF
2024-11-05,5.732,5.914,5.938,5.702,5750979.0,sh510500,中证500ETF
2024-11-06,5.918,5.921,6.005,5.878,5013235.0,sh510500,中证500ETF
2024-11-07,5.888,6.041,6.048,5.868,4380400.0,sh510500,中证500ETF
2024-11-08,6.099,6.024,6.136,6.003,5623583.0,sh510500,中证500ETF
2024-11-11,5.984,6.13,6.133,5.98,4904753.0,sh510500,中证500ETF
2024-11-12,6.138,6.07,6.18,6.007,4347827.0,sh510500,中证500ETF
2024-11-13,6.032,6.051,6.074,5.959,2816386.0,sh510500,中证500ETF
2024-11-14,6.041,5.879,6.041,5.868,5207919.0,sh510500,中证500ETF
2024-11-15,5.867,5.719,5.892,5.717,7541458.0,sh510500,中证500ETF
2024-11-18,5.728,5.629,5.766,5.589,6454073.0,sh510500,中证500ETF
2024-11-19,5.632,5.722,5.727,5.572,7039411.0,sh510500,中证500ETF
2024-11-20,5.708,5.783,5.807,5.688,5387512.0,sh510500,中证500ETF
2024-11-21,5.772,5.778,5.802,5.732,1893214.0,sh510500,中证500ETF
2024-11-22,5.766,5.538,5.772,5.534,2633179.0,sh510500,中证500ETF
2024-11-25,5.553,5.523,5.563,5.455,2286011.0,sh510500,中证500ETF
2024-11-26,5.508,5.483,5.561,5.478,1899722.0,sh510500,中证500ETF
2024-11-27,5.48,5.594,5.605,5.398,3402143.0,sh510500,中证500ETF
2024-11-28,5.587,5.556,5.616,5.537,2622950.0,sh510500,中证500ETF
2024-11-29,5.551,5.642,5.701,5.529,4044346.0,sh510500,中证500ETF
2024-12-02,5.644,5.734,5.76,5.637,3653448.0,sh510500,中证500ETF
2024-12-03,5.736,5.724,5.756,5.675,2970411.0,sh510500,中证500ETF
2024-12-04,5.718,5.679,5.74,5.646,2643418.0,sh510500,中证500ETF
2024-12-05,5.663,5.696,5.72,5.646,1955047.0,sh510500,中证500ETF
2024-12-06,5.694,5.774,5.816,5.666,5358862.0,sh510500,中证500ETF
2024-12-09,5.773,5.741,5.796,5.702,4031534.0,sh510500,中证500ETF
2024-12-10,5.978,5.793,5.981,5.775,5552326.0,sh510500,中证500ETF
2024-12-11,5.779,5.839,5.851,5.776,5613923.0,sh510500,中证500ETF
2024-12-12,5.838,5.895,5.914,5.821,4293467.0,sh510500,中证500ETF
2024-12-13,5.836,5.797,5.859,5.778,7779196.0,sh510500,中证500ETF
2024-12-16,5.788,5.703,5.795,5.684,4533264.0,sh510500,中证500ETF
2024-12-17,5.699,5.639,5.716,5.63,4412301.0,sh510500,中证500ETF
2024-12-18,5.653,5.677,5.716,5.638,2669874.0,sh510500,中证500ETF
2024-12-19,5.629,5.695,5.714,5.605,3254784.0,sh510500,中证500ETF
2024-12-20,5.685,5.707,5.748,5.677,4144643.0,sh510500,中证500ETF
2024-12-23,5.708,5.613,5.723,5.609,4681949.0,sh510500,中证500ETF
2024-12-24,5.614,5.68,5.689,5.613,4469854.0,sh510500,中证500ETF
2024-12-25,5.681,5.63,5.681,5.582,4826393.0,sh510500,中证500ETF
2024-12-26,5.63,5.675,5.686,5.625,2742466.0,sh510500,中证500ETF
2024-12-27,5.665,5.689,5.773,5.665,3076206.0,sh510500,中证500ETF
2024-12-30,5.686,5.687,5.719,5.656,1887245.0,sh510500,中证500ETF
2024-12-31,5.687,5.509,5.697,5.506,7477379.0,sh510500,中证500ETF
2025-01-02,5.505,5.335,5.507,5.277,4351665.0,sh510500,中证500ETF
2025-01-03,5.33,5.221,5.363,5.202,4461330.0,sh510500,中证500ETF
2025-01-06,5.213,5.208,5.266,5.169,3302311.0,sh510500,中证500ETF
2025-01-07,5.209,5.266,5.267,5.182,4055360.0,sh510500,中证500ETF
2025-01-08,5.248,5.243,5.29,5.108,4236655.0,sh510500,中证500ETF
2025-01-09,5.223,5.239,5.277,5.219,2684390.0,sh510500,中证500ETF
2025-01-10,5.235,5.157,5.284,5.154,2313565.0,sh510500,中证500ETF
2025-01-13,5.109,5.166,5.207,5.108,2985827.0,sh510500,中证500ETF
2025-01-14,5.179,5.353,5.373,5.154,5016496.0,sh510500,中证500ETF
2025-01-15,5.343,5.308,5.35,5.297,4353645.0,sh510500,中证500ETF
2025-01-16,5.331,5.326,5.422,5.289,5068270.0,sh510500,中证500ETF
2025-01-17,5.299,5.37,5.41,5.299,2755505.0,sh510500,中证500ETF
2025-01-20,5.404,5.397,5.455,5.382,3234081.0,sh510500,中证500ETF
2025-01-21,5.419,5.417,5.434,5.356,3450430.0,sh510500,中证500ETF
2025-01-22,5.4,5.396,5.408,5.348,3212695.0,sh510500,中证500ETF
2025-01-23,5.439,5.373,5.513,5.369,4192641.0,sh510500,中证500ETF
2025-01-24,5.358,5.441,5.452,5.357,5009241.0,sh510500,中证500ETF
2025-01-27,5.448,5.374,5.464,5.371,4883961.0,sh510500,中证500ETF
2025-02-05,5.427,5.397,5.432,5.371,2639928.0,sh510500,中证500ETF
2025-02-06,5.387,5.529,5.538,5.379,4672607.0,sh510500,中证500ETF
2025-02-07,5.533,5.62,5.685,5.523,4842323.0,sh510500,中证500ETF
2025-02-10,5.632,5.671,5.68,5.619,4069189.0,sh510500,中证500ETF
2025-02-11,5.67,5.648,5.688,5.608,2711553.0,sh510500,中证500ETF
2025-02-12,5.628,5.725,5.732,5.628,2615958.0,sh510500,中证500ETF
2025-02-13,5.723,5.696,5.744,5.675,2836255.0,sh510500,中证500ETF
2025-02-14,5.68,5.742,5.751,5.675,3231129.0,sh510500,中证500ETF
2025-02-17,5.762,5.733,5.771,5.689,3692692.0,sh510500,中证500ETF
2025-02-18,5.712,5.633,5.736,5.599,3047851.0,sh510500,中证500ETF
2025-02-19,5.622,5.726,5.734,5.619,3187797.0,sh510500,中证500ETF
2025-02-20,5.724,5.741,5.764,5.703,3821242.0,sh510500,中证500ETF
2025-02-21,5.756,5.843,5.857,5.728,3384487.0,sh510500,中证500ETF
2025-02-24,5.837,5.825,5.859,5.788,4034275.0,sh510500,中证500ETF
2025-02-25,5.776,5.762,5.824,5.744,2809776.0,sh510500,中证500ETF
2025-02-26,5.776,5.834,5.845,5.754,3356211.0,sh510500,中证500ETF
2025-02-27,5.823,5.818,5.847,5.728,3013502.0,sh510500,中证500ETF
2025-02-28,5.78,5.656,5.789,5.636,3140821.0,sh510500,中证500ETF
2025-03-03,5.656,5.666,5.753,5.64,2773490.0,sh510500,中证500ETF
2025-03-04,5.628,5.718,5.733,5.621,2026357.0,sh510500,中证500ETF
2025-03-05,5.721,5.733,5.743,5.67,2454551.0,sh510500,中证500ETF
2025-03-06,5.759,5.828,5.854,5.755,4029340.0,sh510500,中证500ETF
2025-03-07,5.81,5.802,5.849,5.776,3157096.0,sh510500,中证500ETF
2025-03-10,5.797,5.795,5.82,5.75,3345878.0,sh510500,中证500ETF
2025-03-11,5.735,5.825,5.828,5.732,1617295.0,sh510500,中证500ETF
2025-03-12,5.838,5.829,5.887,5.82,2047492.0,sh510500,中证500ETF
2025-03-13,5.819,5.778,5.837,5.729,2125910.0,sh510500,中证500ETF
2025-03-14,5.781,5.887,5.889,5.761,4824885.0,sh510500,中证500ETF
2025-03-17,5.899,5.889,5.91,5.876,3835627.0,sh510500,中证500ETF
2025-03-18,5.901,5.915,5.955,5.897,1786536.0,sh510500,中证500ETF
2025-03-19,5.904,5.891,5.915,5.857,1508335.0,sh510500,中证500ETF
2025-03-20,5.888,5.849,5.894,5.844,2623956.0,sh510500,中证500ETF
2025-03-21,5.822,5.757,5.855,5.739,2455737.0,sh510500,中证500ETF
2025-03-24,5.759,5.75,5.768,5.672,2315640.0,sh510500,中证500ETF
2025-03-25,5.746,5.73,5.773,5.71,1978020.0,sh510500,中证500ETF
2025-03-26,5.722,5.73,5.772,5.722,1918078.0,sh510500,中证500ETF
2025-03-27,5.726,5.745,5.789,5.673,2122545.0,sh510500,中证500ETF
2025-03-28,5.742,5.698,5.761,5.686,1995542.0,sh510500,中证500ETF
2025-03-31,5.67,5.643,5.697,5.585,1817963.0,sh510500,中证500ETF
2025-04-01,5.653,5.675,5.719,5.648,1740931.0,sh510500,中证500ETF
2025-04-02,5.668,5.682,5.727,5.658,1784233.0,sh510500,中证500ETF
2025-04-03,5.634,5.631,5.696,5.605,2664772.0,sh510500,中证500ETF
2025-04-07,5.409,5.069,5.451,5.047,4617801.0,sh510500,中证500ETF
2025-04-08,5.101,5.102,5.16,5.039,30285654.0,sh510500,中证500ETF
2025-04-09,5.044,5.217,5.246,4.928,3538250.0,sh510500,中证500ETF
2025-04-10,5.292,5.324,5.398,5.29,2669818.0,sh510500,中证500ETF
2025-04-11,5.299,5.362,5.417,5.298,2220743.0,sh510500,中证500ETF
2025-04-14,5.404,5.406,5.441,5.389,2150627.0,sh510500,中证500ETF
2025-04-15,5.404,5.383,5.408,5.351,3207385.0,sh510500,中证500ETF
2025-04-16,5.347,5.334,5.37,5.279,6661825.0,sh510500,中证500ETF
2025-04-17,5.313,5.337,5.392,5.309,2247617.0,sh510500,中证500ETF
2025-04-18,5.329,5.339,5.365,5.308,2950684.0,sh510500,中证500ETF
2025-04-21,5.333,5.421,5.43,5.311,2567589.0,sh510500,中证500ETF
2025-04-22,5.408,5.406,5.434,5.396,1434074.0,sh510500,中证500ETF
2025-04-23,5.428,5.417,5.472,5.397,2331671.0,sh510500,中证500ETF
2025-04-24,5.417,5.394,5.433,5.366,1605892.0,sh510500,中证500ETF
2025-04-25,5.399,5.41,5.451,5.381,2041463.0,sh510500,中证500ETF
2025-04-28,5.409,5.384,5.414,5.365,2026017.0,sh510500,中证500ETF
2025-04-29,5.359,5.387,5.411,5.353,1247374.0,sh510500,中证500ETF
2025-04-30,5.387,5.415,5.431,5.386,2073912.0,sh510500,中证500ETF
2025-05-06,5.444,5.522,5.524,5.442,1856919.0,sh510500,中证500ETF
2025-05-07,5.587,5.532,5.634,5.497,2232101.0,sh510500,中证500ETF
2025-05-08,5.518,5.556,5.574,5.513,2288960.0,sh510500,中证500ETF
2025-05-09,5.549,5.509,5.55,5.489,1686336.0,sh510500,中证500ETF
2025-05-12,5.534,5.581,5.586,5.526,1705953.0,sh510500,中证500ETF
2025-05-13,5.614,5.567,5.615,5.553,1977886.0,sh510500,中证500ETF
2025-05-14,5.564,5.587,5.628,5.535,2413135.0,sh510500,中证500ETF
2025-05-15,5.57,5.51,5.576,5.499,1923033.0,sh510500,中证500ETF
2025-05-16,5.495,5.5,5.524,5.492,1753816.0,sh510500,中证500ETF
2025-05-19,5.499,5.514,5.519,5.454,1410520.0,sh510500,中证500ETF
2025-05-20,5.517,5.538,5.553,5.491,1167503.0,sh510500,中证500ETF
2025-05-21,5.528,5.545,5.553,5.52,828511.0,sh510500,中证500ETF
2025-05-22,5.522,5.5,5.554,5.493,1393033.0,sh510500,中证500ETF
2025-05-23,5.496,5.451,5.536,5.449,1908861.0,sh510500,中证500ETF
2025-05-26,5.446,5.46,5.493,5.434,1681779.0,sh510500,中证500ETF
2025-05-27,5.461,5.446,5.467,5.422,2079550.0,sh510500,中证500ETF
2025-05-28,5.446,5.436,5.459,5.423,1296504.0,sh510500,中证500ETF
2025-05-29,5.439,5.516,5.528,5.438,3204956.0,sh510500,中证500ETF
2025-05-30,5.499,5.483,5.5,5.46,3345407.0,sh510500,中证500ETF
2025-06-03,5.469,5.492,5.519,5.455,1375063.0,sh510500,中证500ETF
2025-06-04,5.493,5.538,5.552,5.493,1095253.0,sh510500,中证500ETF
2025-06-05,5.545,5.573,5.588,5.522,1685858.0,sh510500,中证500ETF
2025-06-06,5.572,5.574,5.583,5.559,1010747.0,sh510500,中证500ETF
2025-06-09,5.584,5.614,5.641,5.578,1958622.0,sh510500,中证500ETF
2025-06-10,5.614,5.566,5.618,5.531,1825379.0,sh510500,中证500ETF
2025-06-11,5.566,5.603,5.637,5.566,2303796.0,sh510500,中证500ETF
2025-06-12,5.598,5.614,5.624,5.575,922337.0,sh510500,中证500ETF
2025-06-13,5.603,5.565,5.611,5.543,1596903.0,sh510500,中证500ETF
2025-06-16,5.544,5.586,5.601,5.544,1802021.0,sh510500,中证500ETF
2025-06-17,5.591,5.574,5.597,5.558,2235067.0,sh510500,中证500ETF
2025-06-18,5.575,5.565,5.579,5.529,1501328.0,sh510500,中证500ETF
2025-06-19,5.552,5.507,5.574,5.484,2202724.0,sh510500,中证500ETF
2025-06-20,5.502,5.468,5.518,5.467,3236440.0,sh510500,中证500ETF
2025-06-23,5.457,5.501,5.515,5.45,1917814.0,sh510500,中证500ETF
2025-06-24,5.512,5.593,5.597,5.512,3842874.0,sh510500,中证500ETF
2025-06-25,5.601,5.702,5.708,5.597,3724601.0,sh510500,中证500ETF
2025-06-26,5.694,5.677,5.715,5.674,2343963.0,sh510500,中证500ETF
2025-06-27,5.683,5.699,5.747,5.674,2229407.0,sh510500,中证500ETF
2025-06-30,5.706,5.752,5.757,5.705,2444974.0,sh510500,中证500ETF
2025-07-01,5.739,5.771,5.773,5.723,1382361.0,sh510500,中证500ETF
2025-07-02,5.75,5.736,5.755,5.718,1297455.0,sh510500,中证500ETF
2025-07-03,5.736,5.76,5.767,5.724,1197558.0,sh510500,中证500ETF
2025-07-04,5.747,5.752,5.814,5.729,1626178.0,sh510500,中证500ETF
2025-07-07,5.746,5.74,5.755,5.73,787038.0,sh510500,中证500ETF
2025-07-08,5.74,5.82,5.828,5.737,1674850.0,sh510500,中证500ETF
2025-07-09,5.821,5.794,5.833,5.789,1531960.0,sh510500,中证500ETF
2025-07-10,5.794,5.827,5.85,5.786,1303243.0,sh510500,中证500ETF
2025-07-11,5.824,5.879,5.914,5.806,2491185.0,sh510500,中证500ETF
2025-07-14,5.877,5.868,5.888,5.859,1168520.0,sh510500,中证500ETF
2025-07-15,5.855,5.866,5.9,5.818,1582649.0,sh510500,中证500ETF
2025-07-16,5.863,5.865,5.917,5.844,1641379.0,sh510500,中证500ETF
2025-07-17,5.864,5.935,5.937,5.858,1181068.0,sh510500,中证500ETF
2025-07-18,5.937,5.954,5.972,5.924,1608246.0,sh510500,中证500ETF
2025-07-21,5.96,6.015,6.017,5.959,2550110.0,sh510500,中证500ETF
2025-07-22,6.018,6.081,6.084,6.007,2237787.0,sh510500,中证500ETF
2025-07-23,6.084,6.059,6.123,6.047,2803027.0,sh510500,中证500ETF
2025-07-24,6.047,6.152,6.157,6.046,2070370.0,sh510500,中证500ETF
2025-07-25,6.156,6.154,6.166,6.128,3175692.0,sh510500,中证500ETF
2025-07-28,6.154,6.18,6.192,6.125,2017572.0,sh510500,中证500ETF
2025-07-29,6.164,6.22,6.221,6.124,2131929.0,sh510500,中证500ETF
2025-07-30,6.197,6.178,6.23,6.129,1889246.0,sh510500,中证500ETF
2025-07-31,6.151,6.086,6.178,6.062,1986009.0,sh510500,中证500ETF
2025-08-01,6.069,6.076,6.117,6.039,1581956.0,sh510500,中证500ETF
2025-08-04,6.048,6.124,6.125,6.041,1043707.0,sh510500,中证500ETF
2025-08-05,6.127,6.165,6.167,6.127,1206725.0,sh510500,中证500ETF
2025-08-06,6.135,6.217,6.223,6.135,1719765.0,sh510500,中证500ETF
2025-08-07,6.217,6.197,6.232,6.155,1617284.0,sh510500,中证500ETF
2025-08-08,6.168,6.186,6.211,6.164,1036035.0,sh510500,中证500ETF
2025-08-11,6.192,6.253,6.273,6.192,1672288.0,sh510500,中证500ETF
2025-08-12,6.255,6.286,6.287,6.228,1065318.0,sh510500,中证500ETF
2025-08-13,6.295,6.371,6.385,6.289,1792705.0,sh510500,中证500ETF
2025-08-14,6.35,6.303,6.386,6.278,2238969.0,sh510500,中证500ETF
2025-08-15,6.29,6.447,6.452,6.283,2291167.0,sh510500,中证500ETF
2025-08-18,6.477,6.537,6.59,6.447,4186833.0,sh510500,中证500ETF
2025-08-19,6.537,6.522,6.575,6.5,3147655.0,sh510500,中证500ETF
2025-08-20,6.503,6.613,6.615,6.456,3376600.0,sh510500,中证500ETF
2025-08-21,6.625,6.575,6.645,6.548,2983306.0,sh510500,中证500ETF
2025-08-22,6.574,6.704,6.71,6.574,8437785.0,sh510500,中证500ETF
2025-08-25,6.751,6.826,6.854,6.733,8814868.0,sh510500,中证500ETF
2025-08-26,6.799,6.837,6.891,6.784,4988464.0,sh510500,中证500ETF
2025-08-27,6.835,6.742,6.949,6.733,4323272.0,sh510500,中证500ETF
2025-08-28,6.742,6.893,6.897,6.672,3895262.0,sh510500,中证500ETF
2025-08-29,6.883,6.93,6.969,6.858,3494619.0,sh510500,中证500ETF
2025-09-01,6.95,6.995,6.999,6.913,1830813.0,sh510500,中证500ETF
2025-09-02,6.964,6.844,6.979,6.784,2451194.0,sh510500,中证500ETF
2025-09-03,6.851,6.729,6.873,6.704,2409955.0,sh510500,中证500ETF
2025-09-04,6.735,6.568,6.783,6.478,3268974.0,sh510500,中证500ETF
2025-09-05,6.568,6.8,6.812,6.547,3077452.0,sh510500,中证500ETF
2025-09-08,6.8,6.862,6.873,6.76,2330317.0,sh510500,中证500ETF
2025-09-09,6.84,6.795,6.866,6.754,1395901.0,sh510500,中证500ETF
2025-09-10,6.783,6.792,6.852,6.74,1215725.0,sh510500,中证500ETF
2025-09-11,6.789,7.013,7.018,6.746,4717183.0,sh510500,中证500ETF
2025-09-12,7.016,7.031,7.09,6.998,2593774.0,sh510500,中证500ETF
2025-09-15,7.041,7.015,7.051,6.998,3566121.0,sh510500,中证500ETF
2025-09-16,7.017,7.071,7.083,6.954,2361255.0,sh510500,中证500ETF
2025-09-17,7.055,7.146,7.152,7.032,1586836.0,sh510500,中证500ETF
2025-09-18,7.141,7.081,7.237,6.989,3384182.0,sh510500,中证500ETF
2025-09-19,7.068,7.05,7.115,7.019,2855523.0,sh510500,中证500ETF
2025-09-22,7.048,7.107,7.109,7.015,2356181.0,sh510500,中证500ETF
2025-09-23,7.107,7.066,7.124,6.929,2629621.0,sh510500,中证500ETF
2025-09-24,7.021,7.221,7.225,7.016,2194535.0,sh510500,中证500ETF
2025-09-25,7.219,7.23,7.267,7.204,1640250.0,sh510500,中证500ETF
2025-09-26,7.19,7.125,7.244,7.122,2210031.0,sh510500,中证500ETF
2025-09-29,7.124,7.251,7.28,7.101,3329400.0,sh510500,中证500ETF
2025-09-30,7.252,7.308,7.322,7.252,2693319.0,sh510500,中证500ETF
2025-10-09,7.342,7.438,7.467,7.329,2473304.0,sh510500,中证500ETF
2025-10-10,7.4,7.294,7.408,7.268,2915277.0,sh510500,中证500ETF
2025-10-13,7.079,7.258,7.277,7.079,3865377.0,sh510500,中证500ETF
2025-10-14,7.299,7.078,7.342,7.048,4260165.0,sh510500,中证500ETF
2025-10-15,7.077,7.182,7.188,7.042,2467557.0,sh510500,中证500ETF
2025-10-16,7.109,7.125,7.188,7.085,2750738.0,sh510500,中证500ETF
2025-10-17,7.107,6.903,7.148,6.891,3014754.0,sh510500,中证500ETF
2025-10-20,6.963,6.949,7.022,6.915,3562494.0,sh510500,中证500ETF
2025-10-21,6.971,7.069,7.084,6.966,4851064.0,sh510500,中证500ETF
2025-10-22,7.039,7.013,7.05,6.991,2713715.0,sh510500,中证500ETF
2025-10-23,6.991,7.038,7.043,6.903,2033734.0,sh510500,中证500ETF
2025-10-24,7.063,7.158,7.161,7.057,2274704.0,sh510500,中证500ETF
2025-10-27,7.222,7.267,7.28,7.191,2142854.0,sh510500,中证500ETF
2025-10-28,7.257,7.23,7.303,7.199,1704494.0,sh510500,中证500ETF
2025-10-29,7.241,7.383,7.385,7.239,2061923.0,sh510500,中证500ETF
2025-10-30,7.375,7.286,7.375,7.265,2397754.0,sh510500,中证500ETF
2025-10-31,7.283,7.225,7.334,7.223,2395264.0,sh510500,中证500ETF
2025-11-03,7.216,7.228,7.237,7.101,2540990.0,sh510500,中证500ETF
2025-11-04,7.209,7.102,7.214,7.057,2978830.0,sh510500,中证500ETF
2025-11-05,6.989,7.119,7.148,6.989,1432956.0,sh510500,中证500ETF
2025-11-06,7.124,7.24,7.253,7.124,1739947.0,sh510500,中证500ETF
2025-11-07,7.209,7.229,7.265,7.172,1037520.0,sh510500,中证500ETF
2025-11-10,7.264,7.237,7.291,7.179,1123352.0,sh510500,中证500ETF
2025-11-11,7.257,7.183,7.284,7.17,1586675.0,sh510500,中证500ETF
2025-11-12,7.157,7.145,7.206,7.077,1342175.0,sh510500,中证500ETF
2025-11-13,7.126,7.254,7.27,7.126,1886617.0,sh510500,中证500ETF
2025-11-14,7.192,7.127,7.224,7.124,1555990.0,sh510500,中证500ETF
2025-11-17,7.123,7.125,7.163,7.097,2198044.0,sh510500,中证500ETF
2025-11-18,7.099,7.051,7.124,7.006,2654207.0,sh510500,中证500ETF
2025-11-19,7.041,7.016,7.082,6.982,2467924.0,sh510500,中证500ETF
2025-11-20,7.059,6.959,7.082,6.952,3032408.0,sh510500,中证500ETF
2025-11-21,6.887,6.711,6.92,6.707,7553568.0,sh510500,中证500ETF
2025-11-24,6.749,6.759,6.795,6.692,4147657.0,sh510500,中证500ETF
2025-11-25,6.805,6.843,6.915,6.803,6043585.0,sh510500,中证500ETF
2025-11-26,6.844,6.854,6.913,6.827,4139294.0,sh510500,中证500ETF
2025-11-27,6.854,6.839,6.943,6.829,1885426.0,sh510500,中证500ETF
2025-11-28,6.837,6.924,6.933,6.831,1773332.0,sh510500,中证500ETF
2025-12-01,6.941,6.991,6.992,6.927,1320063.0,sh510500,中证500ETF
2025-12-02,6.943,6.93,6.977,6.912,1503697.0,sh510500,中证500ETF
2025-12-03,6.934,6.892,6.959,6.867,1213240.0,sh510500,中证500ETF
2025-12-04,6.889,6.914,6.939,6.849,1223711.0,sh510500,中证500ETF
2025-12-05,6.911,7.005,7.008,6.856,3085261.0,sh510500,中证500ETF
2025-12-08,7.027,7.067,7.094,7.018,2828081.0,sh510500,中证500ETF
2025-12-09,7.045,7.013,7.079,7.0,1924356.0,sh510500,中证500ETF
2025-12-10,7.014,7.052,7.069,6.961,2595578.0,sh510500,中证500ETF
2025-12-11,7.064,6.99,7.073,6.985,1861384.0,sh510500,中证500ETF
2025-12-12,7.006,7.074,7.093,6.973,3755285.0,sh510500,中证500ETF
2025-12-15,7.039,7.025,7.088,7.018,1747858.0,sh510500,中证500ETF
2025-12-16,7.009,6.915,7.009,6.865,2629014.0,sh510500,中证500ETF
2025-12-17,6.909,7.048,7.076,6.889,2996344.0,sh510500,中证500ETF
2025-12-18,7.014,7.01,7.084,7.008,2514901.0,sh510500,中证500ETF
2025-12-19,7.027,7.075,7.107,7.02,2509672.0,sh510500,中证500ETF
2025-12-22,7.109,7.157,7.186,7.109,2817475.0,sh510500,中证500ETF
2025-12-23,7.153,7.163,7.206,7.138,1850595.0,sh510500,中证500ETF
2025-12-24,7.162,7.259,7.281,7.152,3503673.0,sh510500,中证500ETF
2025-12-25,7.258,7.323,7.344,7.241,2869616.0,sh510500,中证500ETF
2025-12-26,7.333,7.369,7.405,7.316,5147301.0,sh510500,中证500ETF
2025-12-29,7.368,7.337,7.399,7.32,3378040.0,sh510500,中证500ETF
2025-12-30,7.301,7.37,7.414,7.301,2414779.0,sh510500,中证500ETF
2025-12-31,7.386,7.377,7.4,7.34,4463534.0,sh510500,中证500ETF
2026-01-05,7.431,7.581,7.583,7.429,2763714.0,sh510500,中证500ETF
2026-01-06,7.586,7.75,7.754,7.586,3560767.0,sh510500,中证500ETF
2026-01-07,7.758,7.788,7.829,7.743,4315868.0,sh510500,中证500ETF
2026-01-08,7.763,7.813,7.867,7.761,3822311.0,sh510500,中证500ETF
2026-01-09,7.813,8.005,8.012,7.812,5252035.0,sh510500,中证500ETF
2026-01-12,8.059,8.205,8.237,8.024,5715199.0,sh510500,中证500ETF
2026-01-13,8.226,8.095,8.229,8.048,5240340.0,sh510500,中证500ETF
2026-01-14,8.097,8.154,8.325,8.039,13490762.0,sh510500,中证500ETF
2026-01-15,8.089,8.128,8.179,8.054,31673005.0,sh510500,中证500ETF
2026-01-16,8.169,8.146,8.204,8.091,20507550.0,sh510500,中证500ETF
2026-01-19,8.121,8.199,8.248,8.101,15215857.0,sh510500,中证500ETF
2026-01-20,8.207,8.175,8.265,8.052,16142559.0,sh510500,中证500ETF
2026-01-21,8.133,8.283,8.286,8.131,10340941.0,sh510500,中证500ETF
2026-01-22,8.311,8.32,8.347,8.255,4808569.0,sh510500,中证500ETF
2026-01-23,8.356,8.57,8.576,8.344,6693456.0,sh510500,中证500ETF
2026-01-26,8.614,8.415,8.638,8.368,16667265.0,sh510500,中证500ETF
2026-01-27,8.393,8.47,8.521,8.288,14746513.0,sh510500,中证500ETF
2026-01-28,8.496,8.542,8.571,8.446,25174466.0,sh510500,中证500ETF
2026-01-29,8.512,8.442,8.605,8.425,13734677.0,sh510500,中证500ETF
2026-01-30,8.369,8.291,8.445,8.083,12838777.0,sh510500,中证500ETF
2026-02-02,8.181,7.9,8.251,7.896,19473869.0,sh510500,中证500ETF
2026-02-03,8.037,8.217,8.226,7.983,9366022.0,sh510500,中证500ETF
2026-02-04,8.211,8.239,8.246,8.1,12287970.0,sh510500,中证500ETF
2026-02-05,8.151,8.068,8.164,7.998,9552432.0,sh510500,中证500ETF
2026-02-06,7.956,8.064,8.181,7.926,9399366.0,sh510500,中证500ETF
2026-02-09,8.201,8.246,8.248,8.157,5942628.0,sh510500,中证500ETF
2026-02-10,8.246,8.228,8.255,8.18,3443425.0,sh510500,中证500ETF
2026-02-11,8.206,8.262,8.308,8.206,2952357.0,sh510500,中证500ETF
2026-02-12,8.261,8.365,8.378,8.261,3976171.0,sh510500,中证500ETF
2026-02-13,8.325,8.224,8.347,8.212,10173966.0,sh510500,中证500ETF
2026-02-24,8.322,8.32,8.385,8.254,4388049.0,sh510500,中证500ETF
2026-02-25,8.331,8.453,8.484,8.33,7358841.0,sh510500,中证500ETF
2026-02-26,8.474,8.481,8.507,8.412,8055576.0,sh510500,中证500ETF
2026-02-27,8.431,8.588,8.59,8.431,4820349.0,sh510500,中证500ETF
2026-03-02,8.533,8.584,8.624,8.471,7723957.0,sh510500,中证500ETF
2026-03-03,8.591,8.226,8.591,8.186,6797897.0,sh510500,中证500ETF
2026-03-04,8.092,8.168,8.317,8.088,5269815.0,sh510500,中证500ETF
2026-03-05,8.284,8.222,8.31,8.162,5521642.0,sh510500,中证500ETF
2026-03-06,8.161,8.272,8.32,8.161,3177456.0,sh510500,中证500ETF
2026-03-09,8.149,8.207,8.231,7.975,4694397.0,sh510500,中证500ETF
2026-03-10,8.291,8.332,8.343,8.242,4355739.0,sh510500,中证500ETF
2026-03-11,8.34,8.319,8.37,8.292,3852283.0,sh510500,中证500ETF
2026-03-12,8.303,8.277,8.346,8.205,3256224.0,sh510500,中证500ETF
2026-03-13,8.213,8.162,8.298,8.141,1982291.0,sh510500,中证500ETF
2026-03-16,8.149,8.11,8.159,7.975,3928895.0,sh510500,中证500ETF
2026-03-17,8.116,7.929,8.141,7.925,3492036.0,sh510500,中证500ETF
2026-03-18,7.961,8.007,8.019,7.874,4921480.0,sh510500,中证500ETF
2026-03-19,7.891,7.796,7.924,7.757,3918003.0,sh510500,中证500ETF
2026-03-20,7.811,7.663,7.863,7.66,7316340.0,sh510500,中证500ETF
2026-03-23,7.552,7.363,7.628,7.311,6748011.0,sh510500,中证500ETF
2026-03-24,7.44,7.503,7.508,7.288,5910871.0,sh510500,中证500ETF
2026-03-25,7.551,7.677,7.73,7.549,5865893.0,sh510500,中证500ETF
2026-03-26,7.643,7.551,7.686,7.532,3201844.0,sh510500,中证500ETF
2026-03-27,7.431,7.654,7.703,7.431,3963090.0,sh510500,中证500ETF
2026-03-30,7.557,7.669,7.687,7.516,4782422.0,sh510500,中证500ETF
2026-03-31,7.656,7.534,7.711,7.531,3683999.0,sh510500,中证500ETF
2026-04-01,7.666,7.66,7.701,7.606,3566686.0,sh510500,中证500ETF
2026-04-02,7.622,7.523,7.66,7.47,4864342.0,sh510500,中证500ETF
2026-04-03,7.548,7.454,7.558,7.432,2407769.0,sh510500,中证500ETF
2026-04-07,7.468,7.48,7.552,7.451,3281318.0,sh510500,中证500ETF
2026-04-08,7.671,7.877,7.88,7.666,11550045.0,sh510500,中证500ETF
2026-04-09,7.812,7.815,7.86,7.759,6428258.0,sh510500,中证500ETF
2026-04-10,7.866,7.886,8.0,7.866,3800349.0,sh510500,中证500ETF
2026-04-13,7.836,7.879,7.91,7.829,4777283.0,sh510500,中证500ETF
2026-04-14,7.961,8.01,8.013,7.918,4368138.0,sh510500,中证500ETF
2026-04-15,8.071,7.962,8.086,7.946,4083180.0,sh510500,中证500ETF
2026-04-16,7.981,8.104,8.122,7.976,4879686.0,sh510500,中证500ETF
2026-04-17,8.083,8.141,8.163,8.061,4629737.0,sh510500,中证500ETF
2026-04-20,8.132,8.206,8.245,8.129,9125416.0,sh510500,中证500ETF
2026-04-21,8.202,8.182,8.202,8.107,4613444.0,sh510500,中证500ETF
2026-04-22,8.134,8.306,8.308,8.134,6383224.0,sh510500,中证500ETF
2026-04-23,8.311,8.226,8.325,8.147,6939803.0,sh510500,中证500ETF
2026-04-24,8.172,8.174,8.231,8.093,4371594.0,sh510500,中证500ETF
2026-04-27,8.171,8.219,8.249,8.143,6275188.0,sh510500,中证500ETF
2026-04-28,8.197,8.124,8.207,8.098,6369387.0,sh510500,中证500ETF
2026-04-29,8.091,8.273,8.287,8.085,8789675.0,sh510500,中证500ETF
2026-04-30,8.261,8.281,8.301,8.221,7793619.0,sh510500,中证500ETF
2026-05-06,8.37,8.509,8.553,8.369,10254482.0,sh510500,中证500ETF
2026-05-07,8.553,8.622,8.629,8.52,12291601.0,sh510500,中证500ETF
2026-05-08,8.566,8.62,8.639,8.542,11110986.0,sh510500,中证500ETF
2026-05-11,8.689,8.763,8.796,8.639,6608744.0,sh510500,中证500ETF
2026-05-12,8.771,8.713,8.778,8.672,5103981.0,sh510500,中证500ETF
2026-05-13,8.651,8.86,8.872,8.651,5154451.0,sh510500,中证500ETF
2026-05-14,8.9,8.623,8.9,8.611,8902588.0,sh510500,中证500ETF
2026-05-15,8.611,8.463,8.66,8.404,13136592.0,sh510500,中证500ETF
2026-05-18,8.41,8.482,8.547,8.402,4808791.0,sh510500,中证500ETF
2026-05-19,8.464,8.554,8.56,8.332,7097897.0,sh510500,中证500ETF
2026-05-20,8.503,8.599,8.611,8.477,5067923.0,sh510500,中证500ETF
2026-05-21,8.651,8.354,8.738,8.335,5345049.0,sh510500,中证500ETF
2026-05-22,8.404,8.509,8.535,8.361,7929375.0,sh510500,中证500ETF
2026-05-25,8.559,8.637,8.641,8.47,6085135.0,sh510500,中证500ETF
2026-05-26,8.594,8.603,8.62,8.468,2414019.0,sh510500,中证500ETF
2026-05-27,8.591,8.465,8.672,8.431,3302420.0,sh510500,中证500ETF
2026-05-28,8.426,8.5,8.545,8.357,3322216.0,sh510500,中证500ETF
2026-05-29,8.511,8.294,8.532,8.238,3279447.0,sh510500,中证500ETF
2026-06-01,8.285,8.221,8.383,8.205,4083694.0,sh510500,中证500ETF
2026-06-02,8.219,8.257,8.331,8.089,4588094.0,sh510500,中证500ETF
2026-06-03,8.251,8.306,8.416,8.231,3267377.0,sh510500,中证500ETF
2026-06-04,8.222,8.299,8.34,8.222,2959299.0,sh510500,中证500ETF
2026-06-05,8.266,8.19,8.351,8.165,4320457.0,sh510500,中证500ETF
2026-06-08,8.011,7.919,8.084,7.834,4687884.0,sh510500,中证500ETF
2026-06-09,7.971,8.121,8.136,7.909,3622747.0,sh510500,中证500ETF
2026-06-10,8.035,8.022,8.091,7.929,2792841.0,sh510500,中证500ETF
2026-06-11,7.984,7.984,8.043,7.919,1815580.0,sh510500,中证500ETF
2026-06-12,8.148,8.093,8.221,8.062,3133578.0,sh510500,中证500ETF
2026-06-15,8.173,8.395,8.401,8.163,7767758.0,sh510500,中证500ETF
2026-06-16,8.401,8.483,8.519,8.376,3195350.0,sh510500,中证500ETF
2026-06-17,8.453,8.614,8.617,8.431,1986424.0,sh510500,中证500ETF
2026-06-18,8.577,8.679,8.714,8.573,2529609.0,sh510500,中证500ETF
2026-06-22,8.691,8.858,8.861,8.599,3701087.0,sh510500,中证500ETF
2026-06-23,8.831,8.666,8.879,8.609,4233461.0,sh510500,中证500ETF
2026-06-24,8.627,8.836,8.846,8.607,2827084.0,sh510500,中证500ETF
2026-06-25,8.835,8.936,8.938,8.791,2062756.0,sh510500,中证500ETF
2026-06-26,8.857,8.712,8.917,8.646,3351957.0,sh510500,中证500ETF
2026-06-29,8.691,8.825,8.83,8.585,2845305.0,sh510500,中证500ETF
2026-06-30,8.795,9.045,9.054,8.76,2030249.0,sh510500,中证500ETF
2026-07-01,9.052,9.031,9.156,8.951,2520695.0,sh510500,中证500ETF
2026-07-02,8.942,8.7,8.942,8.664,4142917.0,sh510500,中证500ETF
2026-07-03,8.649,8.752,8.865,8.641,2801352.0,sh510500,中证500ETF
2026-07-06,8.781,8.661,8.817,8.578,3599631.0,sh510500,中证500ETF
2026-07-07,8.611,8.508,8.668,8.464,2773149.0,sh510500,中证500ETF
2026-07-08,8.512,8.402,8.564,8.353,5473194.0,sh510500,中证500ETF
2026-07-09,8.413,8.655,8.666,8.295,5942522.0,sh510500,中证500ETF
2026-07-10,8.657,8.549,8.784,8.512,4352062.0,sh510500,中证500ETF
2026-07-13,8.461,8.143,8.487,8.117,8964812.0,sh510500,中证500ETF
2026-07-14,8.144,8.264,8.27,7.967,8555023.0,sh510500,中证500ETF
2026-07-15,8.269,8.151,8.322,8.113,3451326.0,sh510500,中证500ETF
2026-07-16,8.061,7.956,8.158,7.911,5747724.0,sh510500,中证500ETF
2026-07-17,7.915,7.505,7.928,7.485,7498029.0,sh510500,中证500ETF
2026-07-20,7.614,7.426,7.64,7.226,11709492.0,sh510500,中证500ETF
2026-07-21,7.423,7.792,7.805,7.277,11867794.0,sh510500,中证500ETF
2026-07-22,7.714,7.74,7.887,7.711,7464387.0,sh510500,中证500ETF
2026-07-23,7.741,7.737,7.803,7.661,2501477.0,sh510500,中证500ETF
2026-07-24,7.651,7.545,7.712,7.541,3406830.0,sh510500,中证500ETF
2026-07-27,7.544,7.726,7.739,7.484,5908661.0,sh510500,中证500ETF
2026-07-28,7.608,7.463,7.647,7.429,7990759.0,sh510500,中证500ETF
2026-07-29,7.46,7.54,7.593,7.342,7014733.0,sh510500,中证500ETF
2026-07-30,7.49,7.336,7.557,7.22,9016071.0,sh510500,中证500ETF
2026-07-31,7.6,7.5,7.679,7.491,9936368.0,sh510500,中证500ETF
2026-08-03,7.461,7.42,7.52,7.417,2995150.0,sh510500,中证500ETF
2026-08-04,7.47,7.601,7.665,7.464,6648014.0,sh510500,中证500ETF
2026-08-05,7.6,7.815,7.854,7.575,5359097.0,sh510500,中证500ETF
2026-08-06,7.75,7.832,7.872,7.723,5939539.0,sh510500,中证500ETF
2026-08-07,7.82,7.987,7.993,7.767,3700689.0,sh510500,中证500ETF
2026-08-10,8.002,8.037,8.04,7.922,3222276.0,sh510500,中证500ETF
2026-08-11,7.993,7.989,8.093,7.959,2190261.0,sh510500,中证500ETF
2026-08-12,7.982,8.053,8.086,7.973,1808726.0,sh510500,中证500ETF
2026-08-13,8.085,7.98,8.149,7.979,3508877.0,sh510500,中证500ETF
2026-08-14,8.0,7.998,8.024,7.91,2546785.0,sh510500,中证500ETF
2026-08-17,8.005,8.197,8.198,7.998,2791381.0,sh510500,中证500ETF
2026-08-18,8.194,8.185,8.223,8.075,3072561.0,sh510500,中证500ETF
2026-08-19,8.085,7.804,8.085,7.781,4830535.0,sh510500,中证500ETF
2026-08-20,7.855,7.863,7.931,7.818,2902146.0,sh510500,中证500ETF
2026-08-21,7.838,7.866,7.898,7.768,2865688.0,sh510500,中证500ETF
2026-08-24,7.859,7.74,7.875,7.63,3524545.0,sh510500,中证500ETF
2026-08-25,7.663,7.726,7.777,7.594,3782961.0,sh510500,中证500ETF
2026-08-26,7.732,7.789,7.863,7.708,4360646.0,sh510500,中证500ETF
2026-08-27,7.799,7.973,7.979,7.782,4170215.0,sh510500,中证500ETF
2026-08-28,7.96,7.923,8.004,7.913,2672216.0,sh510500,中证500ETF
2026-08-31,7.85,7.967,7.978,7.775,4777499.0,sh510500,中证500ETF
2026-09-01,7.967,7.881,7.967,7.87,3868859.0,sh510500,中证500ETF
2026-09-02,7.796,7.751,7.798,7.706,3761652.0,sh510500,中证500ETF
2026-09-03,7.791,7.781,7.825,7.702,3324163.0,sh510500,中证500ETF
2026-09-04,7.826,7.673,7.88,7.63,5259173.0,sh510500,中证500ETF
2026-09-07,7.704,7.771,7.822,7.7,6646907.0,sh510500,中证500ETF
2026-09-08,7.78,7.788,7.86,7.752,2887322.0,sh510500,中证500ETF
